{
    "dt": 0.005,
    "total_time": 2.2499999999999742,
    "n_active": 0,
    "m_kill": 1e-14,
    "v_kill": 60283.10458445036,
    "h_kill": 94208.61951325888,
    "len_kill": -1000,
    "h_init": 180000,
    "P_0m": 840,
    "dens_co": [
        -275.6549886867087,
        11904.15381948966,
        -210696.39012796214,
        1929909.9298197594,
        -9733889.658144245,
        25742166.84532703,
        -27958361.100167926
    ],
    "r_earth": 6371008.7714,
    "total_fragments": 126,
    "wake_psf_weights": [
        0.9,
        0.1
    ],
    "wake_psf": [
        3.0,
        20
    ],
    "wake_extension": 200,
    "wake_heights": null,
    "rho": 142.0638286682623,
    "m_init": 3.147401232849326e-05,
    "v_init": 69303.78398295933,
    "shape_factor": 1.21,
    "sigma": 4.7607804518757926e-08,
    "zenith_angle": 1.0421896818079337,
    "gamma": 1.0,
    "rho_grain": 3000,
    "lum_eff_type": 5,
    "lum_eff": 0.7,
    "mu": 3.8180000000000003e-26,
    "erosion_on": true,
    "erosion_bins_per_10mass": 10,
    "erosion_height_start": 126441.14442336012,
    "erosion_coeff": 1.1047864780811891e-07,
    "erosion_height_change": 101584.94698220267,
    "erosion_coeff_change": 1.7853954022515288e-08,
    "erosion_rho_change": 276.361629049665,
    "erosion_sigma_change": 3.816665552204937e-08,
    "erosion_grain_distribution": "powerlaw",
    "erosion_mass_index": 2.02769785828783,
    "erosion_mass_min": 1.6354123852894637e-10,
    "erosion_mass_max": 2.0309432716830302e-10,
    "disruption_on": true,
    "compressive_strength": 1032.8155813740814,
    "disruption_height": 105172.4994057382,
    "disruption_erosion_coeff": 3.3e-07,
    "disruption_mass_index": 2.7674628270772774,
    "disruption_mass_min_ratio": 0.16693240564363304,
    "disruption_mass_max_ratio": 0.24847904370071405,
    "disruption_mass_grain_ratio": 0.9199514722053203,
    "fragmentation_on": false,
    "fragmentation_show_individual_lcs": false,
    "fragmentation_entries": [],
    "fragmentation_file_name": "metsim_fragmentation.txt",
    "electron_density_meas_ht": -1000,
    "electron_density_meas_q": -1,
    "erosion_beg_vel": 69275.18448001522,
    "erosion_beg_mass": 2.855630886069996e-05,
    "erosion_beg_dyn_press": 50.897655848238266,
    "mass_at_erosion_change": null,
    "energy_per_cs_before_erosion": null,
    "energy_per_mass_before_erosion": null,
    "main_mass_exhaustion_ht": 105172.4994057382,
    "main_bottom_ht": 105172.4994057382,
    "noise_lag": 54.79765290407877,
    "noise_lum": 135.19181800470835
}