{
    "dt": 0.005,
    "total_time": 2.2499999999999742,
    "n_active": 0,
    "m_kill": 1e-14,
    "v_kill": 60283.10458445036,
    "h_kill": 94208.61951325888,
    "len_kill": -1000,
    "h_init": 180000,
    "P_0m": 840,
    "dens_co": [
        -275.6549886867087,
        11904.15381948966,
        -210696.39012796214,
        1929909.9298197594,
        -9733889.658144245,
        25742166.84532703,
        -27958361.100167926
    ],
    "r_earth": 6371008.7714,
    "total_fragments": 122,
    "wake_psf_weights": [
        0.9,
        0.1
    ],
    "wake_psf": [
        3.0,
        20
    ],
    "wake_extension": 200,
    "wake_heights": null,
    "rho": 151.10868324388426,
    "m_init": 3.0024915750477353e-05,
    "v_init": 69304.19191796046,
    "shape_factor": 1.21,
    "sigma": 4.7376884477398804e-08,
    "zenith_angle": 1.0421896818079337,
    "gamma": 1.0,
    "rho_grain": 3000,
    "lum_eff_type": 5,
    "lum_eff": 0.7,
    "mu": 3.8180000000000003e-26,
    "erosion_on": true,
    "erosion_bins_per_10mass": 10,
    "erosion_height_start": 125403.54870888832,
    "erosion_coeff": 1.1611650216500432e-07,
    "erosion_height_change": 103368.18332092726,
    "erosion_coeff_change": 3.2019236323239125e-09,
    "erosion_rho_change": 437.98342828933903,
    "erosion_sigma_change": 3.1369433500899276e-08,
    "erosion_grain_distribution": "powerlaw",
    "erosion_mass_index": 1.9089992763508574,
    "erosion_mass_min": 1.7660481936924946e-10,
    "erosion_mass_max": 1.965779753408245e-10,
    "disruption_on": true,
    "compressive_strength": 1031.5164830999308,
    "disruption_height": 105171.03970020436,
    "disruption_erosion_coeff": 3.3e-07,
    "disruption_mass_index": 2.4161075368003377,
    "disruption_mass_min_ratio": 0.08795904516799162,
    "disruption_mass_max_ratio": 0.329035724237292,
    "disruption_mass_grain_ratio": 0.9273534073337842,
    "fragmentation_on": false,
    "fragmentation_show_individual_lcs": false,
    "fragmentation_entries": [],
    "fragmentation_file_name": "metsim_fragmentation.txt",
    "electron_density_meas_ht": -1000,
    "electron_density_meas_q": -1,
    "erosion_beg_vel": 69274.02047182604,
    "erosion_beg_mass": 2.7102680033019807e-05,
    "erosion_beg_dyn_press": 56.69639222927356,
    "mass_at_erosion_change": null,
    "energy_per_cs_before_erosion": null,
    "energy_per_mass_before_erosion": null,
    "main_mass_exhaustion_ht": 105171.03970020436,
    "main_bottom_ht": 105171.03970020436,
    "noise_lag": 51.08145760636608,
    "noise_lum": 122.79723492053621
}