{
    "dt": 0.005,
    "total_time": 2.2499999999999742,
    "n_active": 0,
    "m_kill": 1e-14,
    "v_kill": 60283.10458445036,
    "h_kill": 94208.61951325888,
    "len_kill": -1000,
    "h_init": 180000,
    "P_0m": 840,
    "dens_co": [
        -275.6549886867087,
        11904.15381948966,
        -210696.39012796214,
        1929909.9298197594,
        -9733889.658144245,
        25742166.84532703,
        -27958361.100167926
    ],
    "r_earth": 6371008.7714,
    "total_fragments": 124,
    "wake_psf_weights": [
        0.9,
        0.1
    ],
    "wake_psf": [
        3.0,
        20
    ],
    "wake_extension": 200,
    "wake_heights": null,
    "rho": 147.99883144740159,
    "m_init": 3.0871159413275965e-05,
    "v_init": 69302.96375730005,
    "shape_factor": 1.21,
    "sigma": 4.8831814981133454e-08,
    "zenith_angle": 1.0421896818079337,
    "gamma": 1.0,
    "rho_grain": 3000,
    "lum_eff_type": 5,
    "lum_eff": 0.7,
    "mu": 3.8180000000000003e-26,
    "erosion_on": true,
    "erosion_bins_per_10mass": 10,
    "erosion_height_start": 125628.85906321945,
    "erosion_coeff": 1.1359331770285128e-07,
    "erosion_height_change": 101786.26634000125,
    "erosion_coeff_change": 3.0404061476056673e-09,
    "erosion_rho_change": 320.1265082050801,
    "erosion_sigma_change": 3.499962741777839e-08,
    "erosion_grain_distribution": "powerlaw",
    "erosion_mass_index": 2.0824157960172673,
    "erosion_mass_min": 1.7857429566164467e-10,
    "erosion_mass_max": 2.1081652301056694e-10,
    "disruption_on": true,
    "compressive_strength": 1012.2034635902404,
    "disruption_height": 105337.4346262187,
    "disruption_erosion_coeff": 3.3e-07,
    "disruption_mass_index": 2.5294313909515638,
    "disruption_mass_min_ratio": 0.07158454914521192,
    "disruption_mass_max_ratio": 0.3500047722667797,
    "disruption_mass_grain_ratio": 0.8727278347290838,
    "fragmentation_on": false,
    "fragmentation_show_individual_lcs": false,
    "fragmentation_entries": [],
    "fragmentation_file_name": "metsim_fragmentation.txt",
    "electron_density_meas_ht": -1000,
    "electron_density_meas_q": -1,
    "erosion_beg_vel": 69273.04225520801,
    "erosion_beg_mass": 2.7808493340720044e-05,
    "erosion_beg_dyn_press": 55.66322937801286,
    "mass_at_erosion_change": null,
    "energy_per_cs_before_erosion": null,
    "energy_per_mass_before_erosion": null,
    "main_mass_exhaustion_ht": 105337.4346262187,
    "main_bottom_ht": 105337.4346262187,
    "noise_lag": 51.94613136813294,
    "noise_lum": 135.75129095048456
}