{
    "dt": 0.005,
    "total_time": 2.5149999999999686,
    "n_active": 0,
    "m_kill": 1e-14,
    "v_kill": 60717.04888874259,
    "h_kill": 94689.91948644235,
    "len_kill": -1000,
    "h_init": 180000,
    "P_0m": 840,
    "dens_co": [
        -291.38874731224575,
        12616.765540518005,
        -224015.03572290676,
        2061418.3741878255,
        -10457596.07922114,
        27847304.73653484,
        -30487811.645384707
    ],
    "r_earth": 6371008.7714,
    "total_fragments": 1175,
    "wake_psf_weights": [
        0.9,
        0.1
    ],
    "wake_psf": [
        3.0,
        20
    ],
    "wake_extension": 200,
    "rho": 3909.233955123617,
    "m_init": 0.0001895177700007861,
    "v_init": 68703.51275349672,
    "shape_factor": 1.21,
    "sigma": 4.98160520921971e-08,
    "zenith_angle": 1.0422335653956494,
    "gamma": 1.0,
    "rho_grain": 3909.233955123617,
    "lum_eff_type": 5,
    "lum_eff": 0.7,
    "mu": 3.8180000000000003e-26,
    "erosion_on": true,
    "erosion_bins_per_10mass": 10,
    "erosion_height_start": 119554.25768923761,
    "erosion_coeff": 3.248534050017212e-10,
    "erosion_height_change": 1,
    "erosion_coeff_change": 3.3e-07,
    "erosion_rho_change": 3700,
    "erosion_sigma_change": 2.3e-08,
    "erosion_grain_distribution": "powerlaw",
    "erosion_mass_index": 2.1987440775213756,
    "erosion_mass_min": 3.63262125529437e-11,
    "erosion_mass_max": 1.1078798310752463e-09,
    "disruption_on": true,
    "compressive_strength": 42727.92417889185,
    "disruption_height": null,
    "disruption_erosion_coeff": 3.3e-07,
    "disruption_mass_index": 2.678014817645138,
    "disruption_mass_min_ratio": 0.019881181868091426,
    "disruption_mass_max_ratio": 0.0817140720524832,
    "disruption_mass_grain_ratio": 0.6176260034807594,
    "fragmentation_on": false,
    "fragmentation_show_individual_lcs": false,
    "fragmentation_entries": [],
    "fragmentation_file_name": "metsim_fragmentation.txt",
    "electron_density_meas_ht": -1000,
    "electron_density_meas_q": -1,
    "erosion_beg_vel": 68700.55467590841,
    "erosion_beg_mass": 0.00018758683656899892,
    "erosion_beg_dyn_press": 110.95963601636218,
    "mass_at_erosion_change": null,
    "energy_per_cs_before_erosion": null,
    "energy_per_mass_before_erosion": null,
    "main_mass_exhaustion_ht": 94595.46260880583,
    "main_bottom_ht": 94595.46260880583,
    "noise_lag": 16.03880610302484,
    "noise_lum": 2.495934388042362
}