{
    "dt": 0.005,
    "total_time": 2.5149999999999686,
    "n_active": 0,
    "m_kill": 1e-14,
    "v_kill": 60717.04888874259,
    "h_kill": 94689.91948644235,
    "len_kill": -1000,
    "h_init": 180000,
    "P_0m": 840,
    "dens_co": [
        -291.38874731224575,
        12616.765540518005,
        -224015.03572290676,
        2061418.3741878255,
        -10457596.07922114,
        27847304.73653484,
        -30487811.645384707
    ],
    "r_earth": 6371008.7714,
    "total_fragments": 1178,
    "wake_psf_weights": [
        0.9,
        0.1
    ],
    "wake_psf": [
        3.0,
        20
    ],
    "wake_extension": 200,
    "rho": 3912.4551550123715,
    "m_init": 0.00018967567240130373,
    "v_init": 68704.08413202787,
    "shape_factor": 1.21,
    "sigma": 4.98987496211641e-08,
    "zenith_angle": 1.0422335653956494,
    "gamma": 1.0,
    "rho_grain": 3912.4551550123715,
    "lum_eff_type": 5,
    "lum_eff": 0.7,
    "mu": 3.8180000000000003e-26,
    "erosion_on": true,
    "erosion_bins_per_10mass": 10,
    "erosion_height_start": 119559.23667447141,
    "erosion_coeff": 3.3128271091391266e-10,
    "erosion_height_change": 1,
    "erosion_coeff_change": 3.3e-07,
    "erosion_rho_change": 3700,
    "erosion_sigma_change": 2.3e-08,
    "erosion_grain_distribution": "powerlaw",
    "erosion_mass_index": 2.2002349630507947,
    "erosion_mass_min": 3.643502101809705e-11,
    "erosion_mass_max": 1.1134570480924012e-09,
    "disruption_on": true,
    "compressive_strength": 42872.021291209865,
    "disruption_height": null,
    "disruption_erosion_coeff": 3.3e-07,
    "disruption_mass_index": 2.678441012020997,
    "disruption_mass_min_ratio": 0.020052959141132747,
    "disruption_mass_max_ratio": 0.08219434500921594,
    "disruption_mass_grain_ratio": 0.6187414880181246,
    "fragmentation_on": false,
    "fragmentation_show_individual_lcs": false,
    "fragmentation_entries": [],
    "fragmentation_file_name": "metsim_fragmentation.txt",
    "electron_density_meas_ht": -1000,
    "electron_density_meas_q": -1,
    "erosion_beg_vel": 68701.12835761871,
    "erosion_beg_mass": 0.00018774140075544402,
    "erosion_beg_dyn_press": 110.96872681384635,
    "mass_at_erosion_change": null,
    "energy_per_cs_before_erosion": null,
    "energy_per_mass_before_erosion": null,
    "main_mass_exhaustion_ht": 94594.75992650077,
    "main_bottom_ht": 94594.75992650077,
    "noise_lag": 16.04062906121734,
    "noise_lum": 2.4960161836433414
}