{
    "dt": 0.005,
    "total_time": 2.489999999999969,
    "n_active": 0,
    "m_kill": 1e-14,
    "v_kill": 60717.04888874259,
    "h_kill": 94689.91948644235,
    "len_kill": -1000,
    "h_init": 180000,
    "P_0m": 840,
    "dens_co": [
        -291.38874731224575,
        12616.765540518005,
        -224015.03572290676,
        2061418.3741878255,
        -10457596.07922114,
        27847304.73653484,
        -30487811.645384707
    ],
    "r_earth": 6371008.7714,
    "total_fragments": 29,
    "wake_psf_weights": [
        0.9,
        0.1
    ],
    "wake_psf": [
        3.0,
        20
    ],
    "wake_extension": 200,
    "rho": 3519.276435213694,
    "m_init": 1.959368273109176e-06,
    "v_init": 69431.87619707802,
    "shape_factor": 1.21,
    "sigma": 1.6177200498712367e-08,
    "zenith_angle": 1.0422335653956494,
    "gamma": 1.0,
    "rho_grain": 3519.276435213694,
    "lum_eff_type": 7,
    "lum_eff": 0.7,
    "mu": 3.8180000000000003e-26,
    "erosion_on": true,
    "erosion_bins_per_10mass": 10,
    "erosion_height_start": 125041.42977539355,
    "erosion_coeff": 1.0492451249925321e-10,
    "erosion_height_change": 1,
    "erosion_coeff_change": 3.3e-07,
    "erosion_rho_change": 3700,
    "erosion_sigma_change": 2.3e-08,
    "erosion_grain_distribution": "powerlaw",
    "erosion_mass_index": 1.0058423646046695,
    "erosion_mass_min": 7.713723724039346e-11,
    "erosion_mass_max": 3.145171755581641e-09,
    "disruption_on": true,
    "compressive_strength": 14024.608364244123,
    "disruption_height": null,
    "disruption_erosion_coeff": 3.3e-07,
    "disruption_mass_index": 2.1335392799616635,
    "disruption_mass_min_ratio": 0.002023658666422377,
    "disruption_mass_max_ratio": 0.0019558974556990044,
    "disruption_mass_grain_ratio": 0.8980602786649036,
    "fragmentation_on": false,
    "fragmentation_show_individual_lcs": false,
    "fragmentation_entries": [],
    "fragmentation_file_name": "metsim_fragmentation.txt",
    "electron_density_meas_ht": -1000,
    "electron_density_meas_q": -1,
    "erosion_beg_vel": 69422.62948237626,
    "erosion_beg_mass": 1.9390545928094897e-06,
    "erosion_beg_dyn_press": 58.598306327976026,
    "mass_at_erosion_change": null,
    "energy_per_cs_before_erosion": null,
    "energy_per_mass_before_erosion": null,
    "main_mass_exhaustion_ht": 94589.52046820009,
    "main_bottom_ht": 94589.52046820009,
    "noise_lag": 14.339772577232667,
    "noise_lum": 4.0433007603098075
}