{
    "dt": 0.005,
    "total_time": 2.3399999999999723,
    "n_active": 0,
    "m_kill": 1e-14,
    "v_kill": 60717.04888874259,
    "h_kill": 94689.91948644235,
    "len_kill": -1000,
    "h_init": 180000,
    "P_0m": 840,
    "dens_co": [
        -291.38874731224575,
        12616.765540518005,
        -224015.03572290676,
        2061418.3741878255,
        -10457596.07922114,
        27847304.73653484,
        -30487811.645384707
    ],
    "r_earth": 6371008.7714,
    "total_fragments": 16,
    "wake_psf_weights": [
        0.9,
        0.1
    ],
    "wake_psf": [
        3.0,
        20
    ],
    "wake_extension": 200,
    "rho": 2130.100903537843,
    "m_init": 1.0339593278189762e-06,
    "v_init": 68851.92595573117,
    "shape_factor": 1.21,
    "sigma": 2.659041420630434e-08,
    "zenith_angle": 1.0422335653956494,
    "gamma": 1.0,
    "rho_grain": 3000,
    "lum_eff_type": 7,
    "lum_eff": 0.7,
    "mu": 3.8180000000000003e-26,
    "erosion_on": true,
    "erosion_bins_per_10mass": 10,
    "erosion_height_start": 121199.17299891403,
    "erosion_coeff": 8.230142273275592e-10,
    "erosion_height_change": 1,
    "erosion_coeff_change": 3.3e-07,
    "erosion_rho_change": 3700,
    "erosion_sigma_change": 2.3e-08,
    "erosion_grain_distribution": "powerlaw",
    "erosion_mass_index": 2.0362023791277943,
    "erosion_mass_min": 8.73075151918944e-11,
    "erosion_mass_max": 2.4245978937666356e-09,
    "disruption_on": true,
    "compressive_strength": 265.3041054585208,
    "disruption_height": 113169.4924991885,
    "disruption_erosion_coeff": 3.3e-07,
    "disruption_mass_index": 2.0471463304757287,
    "disruption_mass_min_ratio": 0.00767134764894941,
    "disruption_mass_max_ratio": 0.0010398275198815051,
    "disruption_mass_grain_ratio": 0.4811652290955104,
    "fragmentation_on": false,
    "fragmentation_show_individual_lcs": false,
    "fragmentation_entries": [],
    "fragmentation_file_name": "metsim_fragmentation.txt",
    "electron_density_meas_ht": -1000,
    "electron_density_meas_q": -1,
    "erosion_beg_vel": 68829.73873538036,
    "erosion_beg_mass": 9.927267490663438e-07,
    "erosion_beg_dyn_press": 91.16688456684633,
    "mass_at_erosion_change": null,
    "energy_per_cs_before_erosion": null,
    "energy_per_mass_before_erosion": null,
    "main_mass_exhaustion_ht": 113169.4924991885,
    "main_bottom_ht": 113169.4924991885,
    "noise_lag": 19.732704334371135,
    "noise_lum": 2.9231637674472926
}