{
    "dt": 0.005,
    "total_time": 2.359999999999972,
    "n_active": 0,
    "m_kill": 1e-14,
    "v_kill": 60717.04888874259,
    "h_kill": 94689.91948644235,
    "len_kill": -1000,
    "h_init": 180000,
    "P_0m": 840,
    "dens_co": [
        -291.38874731224575,
        12616.765540518005,
        -224015.03572290676,
        2061418.3741878255,
        -10457596.07922114,
        27847304.73653484,
        -30487811.645384707
    ],
    "r_earth": 6371008.7714,
    "total_fragments": 15,
    "wake_psf_weights": [
        0.9,
        0.1
    ],
    "wake_psf": [
        3.0,
        20
    ],
    "wake_extension": 200,
    "rho": 2149.104972026218,
    "m_init": 9.999012549976177e-07,
    "v_init": 68830.49240128438,
    "shape_factor": 1.21,
    "sigma": 2.5813658938459413e-08,
    "zenith_angle": 1.0422335653956494,
    "gamma": 1.0,
    "rho_grain": 3000,
    "lum_eff_type": 7,
    "lum_eff": 0.7,
    "mu": 3.8180000000000003e-26,
    "erosion_on": true,
    "erosion_bins_per_10mass": 10,
    "erosion_height_start": 121304.69037121558,
    "erosion_coeff": 5.007493950869725e-10,
    "erosion_height_change": 1,
    "erosion_coeff_change": 3.3e-07,
    "erosion_rho_change": 3700,
    "erosion_sigma_change": 2.3e-08,
    "erosion_grain_distribution": "powerlaw",
    "erosion_mass_index": 2.0857300533289247,
    "erosion_mass_min": 8.984997433720969e-11,
    "erosion_mass_max": 1.9639924461054078e-09,
    "disruption_on": true,
    "compressive_strength": 613.6429405304045,
    "disruption_height": 108155.49192641776,
    "disruption_erosion_coeff": 3.3e-07,
    "disruption_mass_index": 2.060883016703969,
    "disruption_mass_min_ratio": 0.011184588413068563,
    "disruption_mass_max_ratio": 0.0006779099729015316,
    "disruption_mass_grain_ratio": 0.44617103584969314,
    "fragmentation_on": false,
    "fragmentation_show_individual_lcs": false,
    "fragmentation_entries": [],
    "fragmentation_file_name": "metsim_fragmentation.txt",
    "electron_density_meas_ht": -1000,
    "electron_density_meas_q": -1,
    "erosion_beg_vel": 68808.56988670172,
    "erosion_beg_mass": 9.61639768482462e-07,
    "erosion_beg_dyn_press": 89.01773034557083,
    "mass_at_erosion_change": null,
    "energy_per_cs_before_erosion": null,
    "energy_per_mass_before_erosion": null,
    "main_mass_exhaustion_ht": 108155.49192641776,
    "main_bottom_ht": 108155.49192641776,
    "noise_lag": 18.26764890007661,
    "noise_lum": 2.599898931483129
}