{
    "dt": 0.005,
    "total_time": 2.1349999999999767,
    "n_active": 0,
    "m_kill": 1e-14,
    "v_kill": 60267.264220098565,
    "h_kill": 94267.10730590133,
    "len_kill": -1000,
    "h_init": 180000,
    "P_0m": 840,
    "dens_co": [
        -277.0329904987022,
        11966.056187769465,
        -211845.83491991207,
        1941204.4839591298,
        -9795835.410978291,
        25921980.10132555,
        -28174197.456865687
    ],
    "r_earth": 6371008.7714,
    "total_fragments": 2042,
    "wake_psf_weights": [
        0.9,
        0.1
    ],
    "wake_psf": [
        3.0,
        20
    ],
    "wake_extension": 200,
    "rho": 658.262594546074,
    "m_init": 0.00011457990619058546,
    "v_init": 69415.84481484076,
    "shape_factor": 1.21,
    "sigma": 3.7908545141213e-08,
    "zenith_angle": 1.0462348935302819,
    "gamma": 1.0,
    "rho_grain": 3000,
    "lum_eff_type": 5,
    "lum_eff": 0.7,
    "mu": 3.8180000000000003e-26,
    "erosion_on": true,
    "erosion_bins_per_10mass": 10,
    "erosion_height_start": 114871.64753563453,
    "erosion_coeff": 4.499675458819426e-08,
    "erosion_height_change": 1,
    "erosion_coeff_change": 3.3e-07,
    "erosion_rho_change": 3700,
    "erosion_sigma_change": 2.3e-08,
    "erosion_grain_distribution": "powerlaw",
    "erosion_mass_index": 1.9759098953210978,
    "erosion_mass_min": 1.3711696441873516e-10,
    "erosion_mass_max": 5.679080603479231e-10,
    "disruption_on": true,
    "compressive_strength": 2.6099479063447006,
    "disruption_height": 179826.177896462,
    "disruption_erosion_coeff": 3.3e-07,
    "disruption_mass_index": 2.2138461769191475,
    "disruption_mass_min_ratio": 3.48766147500524e-05,
    "disruption_mass_max_ratio": 0.020902196404882136,
    "disruption_mass_grain_ratio": 0.9200788981790855,
    "fragmentation_on": false,
    "fragmentation_show_individual_lcs": false,
    "fragmentation_entries": [],
    "fragmentation_file_name": "metsim_fragmentation.txt",
    "electron_density_meas_ht": -1000,
    "electron_density_meas_q": -1,
    "erosion_beg_vel": null,
    "erosion_beg_mass": null,
    "erosion_beg_dyn_press": null,
    "mass_at_erosion_change": null,
    "energy_per_cs_before_erosion": null,
    "energy_per_mass_before_erosion": null,
    "main_mass_exhaustion_ht": 179826.177896462,
    "main_bottom_ht": 179826.177896462,
    "noise_lag": 10.468910128258797,
    "noise_lum": 2.2617172376915433
}