{
    "dt": 0.005,
    "total_time": 2.4349999999999703,
    "n_active": -1,
    "m_kill": 1e-14,
    "v_kill": 60267.264220098565,
    "h_kill": 94267.10730590133,
    "len_kill": -1000,
    "h_init": 180000,
    "P_0m": 840,
    "dens_co": [
        -277.0329904987022,
        11966.056187769465,
        -211845.83491991207,
        1941204.4839591298,
        -9795835.410978291,
        25921980.10132555,
        -28174197.456865687
    ],
    "r_earth": 6371008.7714,
    "total_fragments": 442,
    "wake_psf_weights": [
        0.9,
        0.1
    ],
    "wake_psf": [
        3.0,
        20
    ],
    "wake_extension": 200,
    "rho": 631.9528277733646,
    "m_init": 2.2303569378931546e-05,
    "v_init": 68620.26838480437,
    "shape_factor": 1.21,
    "sigma": 2.9275103830124984e-08,
    "zenith_angle": 1.0462348935302819,
    "gamma": 1.0,
    "rho_grain": 3000,
    "lum_eff_type": 5,
    "lum_eff": 0.7,
    "mu": 3.8180000000000003e-26,
    "erosion_on": true,
    "erosion_bins_per_10mass": 10,
    "erosion_height_start": 113607.52380333641,
    "erosion_coeff": 5.976652535330688e-12,
    "erosion_height_change": 1,
    "erosion_coeff_change": 3.3e-07,
    "erosion_rho_change": 3700,
    "erosion_sigma_change": 2.3e-08,
    "erosion_grain_distribution": "powerlaw",
    "erosion_mass_index": 2.299790813517896,
    "erosion_mass_min": 6.913732719592971e-12,
    "erosion_mass_max": 5.601825965132718e-09,
    "disruption_on": true,
    "compressive_strength": 857.6151181336191,
    "disruption_height": 106221.05672720687,
    "disruption_erosion_coeff": 3.3e-07,
    "disruption_mass_index": 2.7385542154777083,
    "disruption_mass_min_ratio": 0.0004338142712374429,
    "disruption_mass_max_ratio": 0.03656335968579057,
    "disruption_mass_grain_ratio": 0.4484292392009668,
    "fragmentation_on": false,
    "fragmentation_show_individual_lcs": false,
    "fragmentation_entries": [],
    "fragmentation_file_name": "metsim_fragmentation.txt",
    "electron_density_meas_ht": -1000,
    "electron_density_meas_q": -1,
    "erosion_beg_vel": 68580.62932111602,
    "erosion_beg_mass": 2.0595137307585215e-05,
    "erosion_beg_dyn_press": 262.8645632263025,
    "mass_at_erosion_change": null,
    "energy_per_cs_before_erosion": null,
    "energy_per_mass_before_erosion": null,
    "main_mass_exhaustion_ht": 106221.05672720687,
    "main_bottom_ht": 106221.05672720687,
    "noise_lag": 8.218178587552384,
    "noise_lum": 5.828582393142822
}