{
    "dt": 0.005,
    "total_time": 2.4349999999999703,
    "n_active": 0,
    "m_kill": 1e-14,
    "v_kill": 60267.264220098565,
    "h_kill": 94267.10730590133,
    "len_kill": -1000,
    "h_init": 180000,
    "P_0m": 840,
    "dens_co": [
        -277.0329904987022,
        11966.056187769465,
        -211845.83491991207,
        1941204.4839591298,
        -9795835.410978291,
        25921980.10132555,
        -28174197.456865687
    ],
    "r_earth": 6371008.7714,
    "total_fragments": 442,
    "wake_psf_weights": [
        0.9,
        0.1
    ],
    "wake_psf": [
        3.0,
        20
    ],
    "wake_extension": 200,
    "rho": 627.2603236912106,
    "m_init": 2.229867826780221e-05,
    "v_init": 68620.21320674967,
    "shape_factor": 1.21,
    "sigma": 2.9274013517542172e-08,
    "zenith_angle": 1.0462348935302819,
    "gamma": 1.0,
    "rho_grain": 3000,
    "lum_eff_type": 5,
    "lum_eff": 0.7,
    "mu": 3.8180000000000003e-26,
    "erosion_on": true,
    "erosion_bins_per_10mass": 10,
    "erosion_height_start": 113600.24110210252,
    "erosion_coeff": 5.960475821976377e-12,
    "erosion_height_change": 1,
    "erosion_coeff_change": 3.3e-07,
    "erosion_rho_change": 3700,
    "erosion_sigma_change": 2.3e-08,
    "erosion_grain_distribution": "powerlaw",
    "erosion_mass_index": 2.2994436653541284,
    "erosion_mass_min": 6.9117516395274355e-12,
    "erosion_mass_max": 5.593599242742827e-09,
    "disruption_on": true,
    "compressive_strength": 856.3317193100085,
    "disruption_height": 106221.18430282571,
    "disruption_erosion_coeff": 3.3e-07,
    "disruption_mass_index": 2.7381560458669973,
    "disruption_mass_min_ratio": 0.0004291963137817037,
    "disruption_mass_max_ratio": 0.03637557568437113,
    "disruption_mass_grain_ratio": 0.44833773957081935,
    "fragmentation_on": false,
    "fragmentation_show_individual_lcs": false,
    "fragmentation_entries": [],
    "fragmentation_file_name": "metsim_fragmentation.txt",
    "electron_density_meas_ht": -1000,
    "electron_density_meas_q": -1,
    "erosion_beg_vel": 68580.3714430987,
    "erosion_beg_mass": 2.058230365732503e-05,
    "erosion_beg_dyn_press": 262.8590672460978,
    "mass_at_erosion_change": null,
    "energy_per_cs_before_erosion": null,
    "energy_per_mass_before_erosion": null,
    "main_mass_exhaustion_ht": 106221.18430282571,
    "main_bottom_ht": 106221.18430282571,
    "noise_lag": 8.21730229346875,
    "noise_lum": 5.817406305872306
}