{
    "dt": 0.005,
    "total_time": 2.3249999999999726,
    "n_active": 0,
    "m_kill": 1e-14,
    "v_kill": 60267.264220098565,
    "h_kill": 94267.10730590133,
    "len_kill": -1000,
    "h_init": 180000,
    "P_0m": 840,
    "dens_co": [
        -277.0329904987022,
        11966.056187769465,
        -211845.83491991207,
        1941204.4839591298,
        -9795835.410978291,
        25921980.10132555,
        -28174197.456865687
    ],
    "r_earth": 6371008.7714,
    "total_fragments": 4945,
    "wake_psf_weights": [
        0.9,
        0.1
    ],
    "wake_psf": [
        3.0,
        20
    ],
    "wake_extension": 200,
    "rho": 1828.520041738115,
    "m_init": 9.679683277426631e-05,
    "v_init": 68849.93769179784,
    "shape_factor": 1.21,
    "sigma": 2.6335208202476212e-08,
    "zenith_angle": 1.0462348935302819,
    "gamma": 1.0,
    "rho_grain": 3000,
    "lum_eff_type": 5,
    "lum_eff": 0.7,
    "mu": 3.8180000000000003e-26,
    "erosion_on": true,
    "erosion_bins_per_10mass": 10,
    "erosion_height_start": 115684.7669178574,
    "erosion_coeff": 1.0520581270577036e-09,
    "erosion_height_change": 1,
    "erosion_coeff_change": 3.3e-07,
    "erosion_rho_change": 3700,
    "erosion_sigma_change": 2.3e-08,
    "erosion_grain_distribution": "powerlaw",
    "erosion_mass_index": 1.9561489193577202,
    "erosion_mass_min": 4.3220654537185155e-11,
    "erosion_mass_max": 1.3496095968291857e-09,
    "disruption_on": true,
    "compressive_strength": 4.563096670251465,
    "disruption_height": 165222.83403862527,
    "disruption_erosion_coeff": 3.3e-07,
    "disruption_mass_index": 2.4616542901048564,
    "disruption_mass_min_ratio": 6.29619467895856e-05,
    "disruption_mass_max_ratio": 0.0036557742765485337,
    "disruption_mass_grain_ratio": 0.5872536368909147,
    "fragmentation_on": false,
    "fragmentation_show_individual_lcs": false,
    "fragmentation_entries": [],
    "fragmentation_file_name": "metsim_fragmentation.txt",
    "electron_density_meas_ht": -1000,
    "electron_density_meas_q": -1,
    "erosion_beg_vel": null,
    "erosion_beg_mass": null,
    "erosion_beg_dyn_press": null,
    "mass_at_erosion_change": null,
    "energy_per_cs_before_erosion": null,
    "energy_per_mass_before_erosion": null,
    "main_mass_exhaustion_ht": 165222.83403862527,
    "main_bottom_ht": 165222.83403862527,
    "noise_lag": 8.56860920695957,
    "noise_lum": 2.7461841785249317
}