{
    "dt": 0.005,
    "total_time": 2.399999999999971,
    "n_active": 0,
    "m_kill": 1e-14,
    "v_kill": 60267.264220098565,
    "h_kill": 94267.10730590133,
    "len_kill": -1000,
    "h_init": 180000,
    "P_0m": 840,
    "dens_co": [
        -277.0329904987022,
        11966.056187769465,
        -211845.83491991207,
        1941204.4839591298,
        -9795835.410978291,
        25921980.10132555,
        -28174197.456865687
    ],
    "r_earth": 6371008.7714,
    "total_fragments": 12791,
    "wake_psf_weights": [
        0.9,
        0.1
    ],
    "wake_psf": [
        3.0,
        20
    ],
    "wake_extension": 200,
    "rho": 1896.8895463297106,
    "m_init": 9.281537619731143e-05,
    "v_init": 68813.14657770847,
    "shape_factor": 1.21,
    "sigma": 2.578083990743818e-08,
    "zenith_angle": 1.0462348935302819,
    "gamma": 1.0,
    "rho_grain": 3000,
    "lum_eff_type": 5,
    "lum_eff": 0.7,
    "mu": 3.8180000000000003e-26,
    "erosion_on": true,
    "erosion_bins_per_10mass": 10,
    "erosion_height_start": 115457.2047395679,
    "erosion_coeff": 5.141691667448571e-10,
    "erosion_height_change": 1,
    "erosion_coeff_change": 3.3e-07,
    "erosion_rho_change": 3700,
    "erosion_sigma_change": 2.3e-08,
    "erosion_grain_distribution": "powerlaw",
    "erosion_mass_index": 2.0205383210389565,
    "erosion_mass_min": 2.597566562213517e-11,
    "erosion_mass_max": 1.3354870095719758e-09,
    "disruption_on": true,
    "compressive_strength": 2.341815868979938,
    "disruption_height": 179827.68702924586,
    "disruption_erosion_coeff": 3.3e-07,
    "disruption_mass_index": 2.430879633533095,
    "disruption_mass_min_ratio": 7.597044022344523e-05,
    "disruption_mass_max_ratio": 0.00535723264696042,
    "disruption_mass_grain_ratio": 0.5277089092516847,
    "fragmentation_on": false,
    "fragmentation_show_individual_lcs": false,
    "fragmentation_entries": [],
    "fragmentation_file_name": "metsim_fragmentation.txt",
    "electron_density_meas_ht": -1000,
    "electron_density_meas_q": -1,
    "erosion_beg_vel": null,
    "erosion_beg_mass": null,
    "erosion_beg_dyn_press": null,
    "mass_at_erosion_change": null,
    "energy_per_cs_before_erosion": null,
    "energy_per_mass_before_erosion": null,
    "main_mass_exhaustion_ht": 179827.68702924586,
    "main_bottom_ht": 179827.68702924586,
    "noise_lag": 8.398280199847525,
    "noise_lum": 2.2958692297147465
}