{
    "dt": 0.005,
    "total_time": 0.8650000000000007,
    "n_active": 0,
    "m_kill": 1e-14,
    "v_kill": 60717.04888874259,
    "h_kill": 94689.91948644235,
    "len_kill": -1000,
    "h_init": 180000,
    "P_0m": 840,
    "dens_co": [
        -291.38874731224575,
        12616.765540518005,
        -224015.03572290676,
        2061418.3741878255,
        -10457596.07922114,
        27847304.73653484,
        -30487811.645384707
    ],
    "r_earth": 6371008.7714,
    "total_fragments": 10,
    "wake_psf_weights": [
        0.9,
        0.1
    ],
    "wake_psf": [
        3.0,
        20
    ],
    "wake_extension": 200,
    "rho": 672.3140968797551,
    "m_init": 1.6801573632439695e-06,
    "v_init": 68706.70451815435,
    "shape_factor": 1.21,
    "sigma": 2.990057640271104e-08,
    "zenith_angle": 1.0422335653956494,
    "gamma": 1.0,
    "rho_grain": 3000,
    "lum_eff_type": 7,
    "lum_eff": 0.7,
    "mu": 3.8180000000000003e-26,
    "erosion_on": true,
    "erosion_bins_per_10mass": 10,
    "erosion_height_start": 118909.73870593192,
    "erosion_coeff": 3.947834725392304e-08,
    "erosion_height_change": 1,
    "erosion_coeff_change": 3.3e-07,
    "erosion_rho_change": 3700,
    "erosion_sigma_change": 2.3e-08,
    "erosion_grain_distribution": "powerlaw",
    "erosion_mass_index": 2.6898399626250056,
    "erosion_mass_min": 1.329833748869497e-10,
    "erosion_mass_max": 1.555520038000487e-10,
    "disruption_on": true,
    "compressive_strength": 0.18620622639399498,
    "disruption_height": 179826.76517655663,
    "disruption_erosion_coeff": 3.3e-07,
    "disruption_mass_index": 1.7775966093639304,
    "disruption_mass_min_ratio": 4.4537377933491906e-05,
    "disruption_mass_max_ratio": 0.0002449978123150954,
    "disruption_mass_grain_ratio": 0.5116648743379762,
    "fragmentation_on": false,
    "fragmentation_show_individual_lcs": false,
    "fragmentation_entries": [],
    "fragmentation_file_name": "metsim_fragmentation.txt",
    "electron_density_meas_ht": -1000,
    "electron_density_meas_q": -1,
    "erosion_beg_vel": null,
    "erosion_beg_mass": null,
    "erosion_beg_dyn_press": null,
    "mass_at_erosion_change": null,
    "energy_per_cs_before_erosion": null,
    "energy_per_mass_before_erosion": null,
    "main_mass_exhaustion_ht": 179826.76517655663,
    "main_bottom_ht": 179826.76517655663,
    "noise_lag": 35.6066649799482,
    "noise_lum": 6.001763536413743
}