{
    "dt": 0.005,
    "total_time": 2.264999999999974,
    "n_active": 0,
    "m_kill": 1e-14,
    "v_kill": 60283.10458445036,
    "h_kill": 94208.61951325888,
    "len_kill": -1000,
    "h_init": 180000,
    "P_0m": 840,
    "dens_co": [
        -275.6549886867087,
        11904.15381948966,
        -210696.39012796214,
        1929909.9298197594,
        -9733889.658144245,
        25742166.84532703,
        -27958361.100167926
    ],
    "r_earth": 6371008.7714,
    "total_fragments": 1351,
    "wake_psf_weights": [
        0.9,
        0.1
    ],
    "wake_psf": [
        3.0,
        20
    ],
    "wake_extension": 200,
    "wake_heights": null,
    "rho": 2053.728494390939,
    "m_init": 2.231296122262902e-05,
    "v_init": 69089.94401334689,
    "shape_factor": 1.21,
    "sigma": 4.3367272858681054e-08,
    "zenith_angle": 1.0421896818079337,
    "gamma": 1.0,
    "rho_grain": 3000,
    "lum_eff_type": 5,
    "lum_eff": 0.7,
    "mu": 3.8180000000000003e-26,
    "erosion_on": true,
    "erosion_bins_per_10mass": 10,
    "erosion_height_start": 122326.5524733121,
    "erosion_coeff": 6.682987568794997e-07,
    "erosion_height_change": 103897.40501378334,
    "erosion_coeff_change": 2.457778941675038e-11,
    "erosion_rho_change": 3554.486952677934,
    "erosion_sigma_change": 2.3442924797977768e-08,
    "erosion_grain_distribution": "powerlaw",
    "erosion_mass_index": 2.7538212733716505,
    "erosion_mass_min": 1.0894175865107886e-11,
    "erosion_mass_max": 1.1373705016427722e-10,
    "disruption_on": true,
    "compressive_strength": 1072.398421717107,
    "disruption_height": 105017.7177824312,
    "disruption_erosion_coeff": 3.3e-07,
    "disruption_mass_index": 2.8769000445975212,
    "disruption_mass_min_ratio": 0.008076410101338735,
    "disruption_mass_max_ratio": 0.1583498540746644,
    "disruption_mass_grain_ratio": 0.278179158776932,
    "fragmentation_on": false,
    "fragmentation_show_individual_lcs": false,
    "fragmentation_entries": [],
    "fragmentation_file_name": "metsim_fragmentation.txt",
    "electron_density_meas_ht": -1000,
    "electron_density_meas_q": -1,
    "erosion_beg_vel": 69082.577225498,
    "erosion_beg_mass": 2.17160602228031e-05,
    "erosion_beg_dyn_press": 79.86489204139092,
    "mass_at_erosion_change": null,
    "energy_per_cs_before_erosion": null,
    "energy_per_mass_before_erosion": null,
    "main_mass_exhaustion_ht": 105017.7177824312,
    "main_bottom_ht": 105017.7177824312,
    "noise_lag": 52.4266132946449,
    "noise_lum": 129.27184900681038
}