{
    "dt": 0.005,
    "total_time": 2.264999999999974,
    "n_active": -1,
    "m_kill": 1e-14,
    "v_kill": 60283.10458445036,
    "h_kill": 94208.61951325888,
    "len_kill": -1000,
    "h_init": 180000,
    "P_0m": 840,
    "dens_co": [
        -275.6549886867087,
        11904.15381948966,
        -210696.39012796214,
        1929909.9298197594,
        -9733889.658144245,
        25742166.84532703,
        -27958361.100167926
    ],
    "r_earth": 6371008.7714,
    "total_fragments": 1667,
    "wake_psf_weights": [
        0.9,
        0.1
    ],
    "wake_psf": [
        3.0,
        20
    ],
    "wake_extension": 200,
    "wake_heights": null,
    "rho": 2032.0818866312295,
    "m_init": 2.2931711503427072e-05,
    "v_init": 69089.92150140661,
    "shape_factor": 1.21,
    "sigma": 4.479783826557342e-08,
    "zenith_angle": 1.0421896818079337,
    "gamma": 1.0,
    "rho_grain": 3000,
    "lum_eff_type": 5,
    "lum_eff": 0.7,
    "mu": 3.8180000000000003e-26,
    "erosion_on": true,
    "erosion_bins_per_10mass": 10,
    "erosion_height_start": 122719.09735748357,
    "erosion_coeff": 6.571341656160074e-07,
    "erosion_height_change": 103933.88540039596,
    "erosion_coeff_change": 2.2511348778402128e-11,
    "erosion_rho_change": 3549.656044250767,
    "erosion_sigma_change": 2.6721430844658555e-08,
    "erosion_grain_distribution": "powerlaw",
    "erosion_mass_index": 2.623461683849513,
    "erosion_mass_min": 7.389736201440226e-12,
    "erosion_mass_max": 1.2363854871169717e-10,
    "disruption_on": true,
    "compressive_strength": 1082.5788321760276,
    "disruption_height": 105017.70696441371,
    "disruption_erosion_coeff": 3.3e-07,
    "disruption_mass_index": 2.5845251901820054,
    "disruption_mass_min_ratio": 0.006519228273100208,
    "disruption_mass_max_ratio": 0.14555673952582673,
    "disruption_mass_grain_ratio": 0.3479954244154277,
    "fragmentation_on": false,
    "fragmentation_show_individual_lcs": false,
    "fragmentation_entries": [],
    "fragmentation_file_name": "metsim_fragmentation.txt",
    "electron_density_meas_ht": -1000,
    "electron_density_meas_q": -1,
    "erosion_beg_vel": 69082.78032870356,
    "erosion_beg_mass": 2.2323897848753478e-05,
    "erosion_beg_dyn_press": 76.69934697407479,
    "mass_at_erosion_change": null,
    "energy_per_cs_before_erosion": null,
    "energy_per_mass_before_erosion": null,
    "main_mass_exhaustion_ht": 105017.70696441371,
    "main_bottom_ht": 105017.70696441371,
    "noise_lag": 53.25363277252788,
    "noise_lum": 129.9378772695942
}