{
    "dt": 0.005,
    "total_time": 2.269999999999974,
    "n_active": -1,
    "m_kill": 1e-14,
    "v_kill": 60283.10458445036,
    "h_kill": 94208.61951325888,
    "len_kill": -1000,
    "h_init": 180000,
    "P_0m": 840,
    "dens_co": [
        -275.6549886867087,
        11904.15381948966,
        -210696.39012796214,
        1929909.9298197594,
        -9733889.658144245,
        25742166.84532703,
        -27958361.100167926
    ],
    "r_earth": 6371008.7714,
    "total_fragments": 1677,
    "wake_psf_weights": [
        0.9,
        0.1
    ],
    "wake_psf": [
        3.0,
        20
    ],
    "wake_extension": 200,
    "wake_heights": null,
    "rho": 2033.7867412583187,
    "m_init": 2.291684419548286e-05,
    "v_init": 69088.2757907627,
    "shape_factor": 1.21,
    "sigma": 4.479315461707882e-08,
    "zenith_angle": 1.0421896818079337,
    "gamma": 1.0,
    "rho_grain": 3000,
    "lum_eff_type": 5,
    "lum_eff": 0.7,
    "mu": 3.8180000000000003e-26,
    "erosion_on": true,
    "erosion_bins_per_10mass": 10,
    "erosion_height_start": 122692.96699713342,
    "erosion_coeff": 6.586781598560801e-07,
    "erosion_height_change": 103935.14409791889,
    "erosion_coeff_change": 2.0308103901892424e-11,
    "erosion_rho_change": 3571.081249359504,
    "erosion_sigma_change": 2.6843367231072857e-08,
    "erosion_grain_distribution": "powerlaw",
    "erosion_mass_index": 2.619763846203587,
    "erosion_mass_min": 7.516726738168358e-12,
    "erosion_mass_max": 1.2335934492095954e-10,
    "disruption_on": true,
    "compressive_strength": 1080.3782321165395,
    "disruption_height": 105019.46091561501,
    "disruption_erosion_coeff": 3.3e-07,
    "disruption_mass_index": 2.572023557900452,
    "disruption_mass_min_ratio": 0.0062949909793661996,
    "disruption_mass_max_ratio": 0.13557874276300413,
    "disruption_mass_grain_ratio": 0.3407141155318648,
    "fragmentation_on": false,
    "fragmentation_show_individual_lcs": false,
    "fragmentation_entries": [],
    "fragmentation_file_name": "metsim_fragmentation.txt",
    "electron_density_meas_ht": -1000,
    "electron_density_meas_q": -1,
    "erosion_beg_vel": 69081.1380836678,
    "erosion_beg_mass": 2.230954346622224e-05,
    "erosion_beg_dyn_press": 76.68343808968746,
    "mass_at_erosion_change": null,
    "energy_per_cs_before_erosion": null,
    "energy_per_mass_before_erosion": null,
    "main_mass_exhaustion_ht": 105019.46091561501,
    "main_bottom_ht": 105019.46091561501,
    "noise_lag": 53.35416972732543,
    "noise_lum": 130.1028459949306
}