{
    "dt": 0.005,
    "total_time": 1.354999999999993,
    "n_active": 0,
    "m_kill": 1e-14,
    "v_kill": 60717.04888874259,
    "h_kill": 94689.91948644235,
    "len_kill": -1000,
    "h_init": 180000,
    "P_0m": 840,
    "dens_co": [
        -291.38874731224575,
        12616.765540518005,
        -224015.03572290676,
        2061418.3741878255,
        -10457596.07922114,
        27847304.73653484,
        -30487811.645384707
    ],
    "r_earth": 6371008.7714,
    "total_fragments": 13,
    "wake_psf_weights": [
        0.9,
        0.1
    ],
    "wake_psf": [
        3.0,
        20
    ],
    "wake_extension": 200,
    "rho": 1703.9037313500653,
    "m_init": 1.1191721012061531e-06,
    "v_init": 68876.10144982894,
    "shape_factor": 1.21,
    "sigma": 2.693953584495393e-08,
    "zenith_angle": 1.0422335653956494,
    "gamma": 1.0,
    "rho_grain": 3000,
    "lum_eff_type": 7,
    "lum_eff": 0.7,
    "mu": 3.8180000000000003e-26,
    "erosion_on": true,
    "erosion_bins_per_10mass": 10,
    "erosion_height_start": 120955.29316228736,
    "erosion_coeff": 1.0923106000145889e-09,
    "erosion_height_change": 1,
    "erosion_coeff_change": 3.3e-07,
    "erosion_rho_change": 3700,
    "erosion_sigma_change": 2.3e-08,
    "erosion_grain_distribution": "powerlaw",
    "erosion_mass_index": 1.986093269419369,
    "erosion_mass_min": 3.1915230931249817e-10,
    "erosion_mass_max": 3.585628816802029e-10,
    "disruption_on": true,
    "compressive_strength": 1.9200941666049574,
    "disruption_height": 179826.33806469067,
    "disruption_erosion_coeff": 3.3e-07,
    "disruption_mass_index": 2.0838496651194847,
    "disruption_mass_min_ratio": 0.00013857994358606803,
    "disruption_mass_max_ratio": 0.0014577215232221155,
    "disruption_mass_grain_ratio": 0.6134988145992325,
    "fragmentation_on": false,
    "fragmentation_show_individual_lcs": false,
    "fragmentation_entries": [],
    "fragmentation_file_name": "metsim_fragmentation.txt",
    "electron_density_meas_ht": -1000,
    "electron_density_meas_q": -1,
    "erosion_beg_vel": null,
    "erosion_beg_mass": null,
    "erosion_beg_dyn_press": null,
    "mass_at_erosion_change": null,
    "energy_per_cs_before_erosion": null,
    "energy_per_mass_before_erosion": null,
    "main_mass_exhaustion_ht": 179826.33806469067,
    "main_bottom_ht": 179826.33806469067,
    "noise_lag": 37.647517789349834,
    "noise_lum": 8.120969174972423
}