{
    "dt": 0.005,
    "total_time": 2.5099999999999687,
    "n_active": 0,
    "m_kill": 1e-14,
    "v_kill": 60717.04888874259,
    "h_kill": 94689.91948644235,
    "len_kill": -1000,
    "h_init": 180000,
    "P_0m": 840,
    "dens_co": [
        -291.38874731224575,
        12616.765540518005,
        -224015.03572290676,
        2061418.3741878255,
        -10457596.07922114,
        27847304.73653484,
        -30487811.645384707
    ],
    "r_earth": 6371008.7714,
    "total_fragments": 1168,
    "wake_psf_weights": [
        0.9,
        0.1
    ],
    "wake_psf": [
        3.0,
        20
    ],
    "wake_extension": 200,
    "rho": 957.5238321553592,
    "m_init": 0.00010996054891271868,
    "v_init": 68872.16841653424,
    "shape_factor": 1.21,
    "sigma": 2.9393340303485344e-08,
    "zenith_angle": 1.0422335653956494,
    "gamma": 1.0,
    "rho_grain": 3000,
    "lum_eff_type": 5,
    "lum_eff": 0.7,
    "mu": 3.8180000000000003e-26,
    "erosion_on": true,
    "erosion_bins_per_10mass": 10,
    "erosion_height_start": 122226.26376196007,
    "erosion_coeff": 2.867416034897523e-07,
    "erosion_height_change": 113986.67963455131,
    "erosion_coeff_change": 5.657880655778083e-11,
    "erosion_rho_change": 2754.6766377842623,
    "erosion_sigma_change": 2.2036557296412806e-08,
    "erosion_grain_distribution": "powerlaw",
    "erosion_mass_index": 2.1321930923117605,
    "erosion_mass_min": 8.500997414169739e-11,
    "erosion_mass_max": 8.17030723397732e-09,
    "disruption_on": false,
    "compressive_strength": 2000,
    "disruption_height": null,
    "disruption_erosion_coeff": 3.3e-07,
    "disruption_mass_index": 2.0,
    "disruption_mass_min_ratio": 0.01,
    "disruption_mass_max_ratio": 0.1,
    "disruption_mass_grain_ratio": 0.25,
    "fragmentation_on": false,
    "fragmentation_show_individual_lcs": false,
    "fragmentation_entries": [],
    "fragmentation_file_name": "metsim_fragmentation.txt",
    "electron_density_meas_ht": -1000,
    "electron_density_meas_q": -1,
    "erosion_beg_vel": 68864.9047950809,
    "erosion_beg_mass": 0.0001081227346670015,
    "erosion_beg_dyn_press": 80.78713808021396,
    "mass_at_erosion_change": 8.849124978401548e-05,
    "energy_per_cs_before_erosion": null,
    "energy_per_mass_before_erosion": null,
    "main_mass_exhaustion_ht": 94566.51492489086,
    "main_bottom_ht": 94566.51492489086,
    "noise_lag": 21.178476799148203,
    "noise_lum": 69.07030444485287
}