{
    "dt": 0.005,
    "total_time": 2.5199999999999685,
    "n_active": 0,
    "m_kill": 1e-14,
    "v_kill": 60717.04888874259,
    "h_kill": 94689.91948644235,
    "len_kill": -1000,
    "h_init": 180000,
    "P_0m": 840,
    "dens_co": [
        -291.38874731224575,
        12616.765540518005,
        -224015.03572290676,
        2061418.3741878255,
        -10457596.07922114,
        27847304.73653484,
        -30487811.645384707
    ],
    "r_earth": 6371008.7714,
    "total_fragments": 2746,
    "wake_psf_weights": [
        0.9,
        0.1
    ],
    "wake_psf": [
        3.0,
        20
    ],
    "wake_extension": 200,
    "rho": 1301.27391083149,
    "m_init": 0.00012087124872606256,
    "v_init": 68887.34522602326,
    "shape_factor": 1.21,
    "sigma": 3.228802359233549e-08,
    "zenith_angle": 1.0422335653956494,
    "gamma": 1.0,
    "rho_grain": 3000,
    "lum_eff_type": 5,
    "lum_eff": 0.7,
    "mu": 3.8180000000000003e-26,
    "erosion_on": true,
    "erosion_bins_per_10mass": 10,
    "erosion_height_start": 122226.02630073101,
    "erosion_coeff": 2.867139881454443e-07,
    "erosion_height_change": 112658.27299068373,
    "erosion_coeff_change": 2.3190771959486192e-09,
    "erosion_rho_change": 2754.63280242544,
    "erosion_sigma_change": 1.3071863705759305e-08,
    "erosion_grain_distribution": "powerlaw",
    "erosion_mass_index": 2.1104989471849382,
    "erosion_mass_min": 9.590451193571998e-11,
    "erosion_mass_max": 3.0424588593812584e-08,
    "disruption_on": false,
    "compressive_strength": 2000,
    "disruption_height": null,
    "disruption_erosion_coeff": 3.3e-07,
    "disruption_mass_index": 2.0,
    "disruption_mass_min_ratio": 0.01,
    "disruption_mass_max_ratio": 0.1,
    "disruption_mass_grain_ratio": 0.25,
    "fragmentation_on": false,
    "fragmentation_show_individual_lcs": false,
    "fragmentation_entries": [],
    "fragmentation_file_name": "metsim_fragmentation.txt",
    "electron_density_meas_ht": -1000,
    "electron_density_meas_q": -1,
    "erosion_beg_vel": 68881.60970864168,
    "erosion_beg_mass": 0.00011913385747593727,
    "erosion_beg_dyn_press": 80.95211108910947,
    "mass_at_erosion_change": 9.644420828184239e-05,
    "energy_per_cs_before_erosion": null,
    "energy_per_mass_before_erosion": null,
    "main_mass_exhaustion_ht": 94546.36392837227,
    "main_bottom_ht": 94546.36392837227,
    "noise_lag": 24.590991820278287,
    "noise_lum": 54.683274100682745
}