{
    "dt": 0.005,
    "total_time": 2.5099999999999687,
    "n_active": 0,
    "m_kill": 1e-14,
    "v_kill": 60717.04888874259,
    "h_kill": 94689.91948644235,
    "len_kill": -1000,
    "h_init": 180000,
    "P_0m": 840,
    "dens_co": [
        -291.38874731224575,
        12616.765540518005,
        -224015.03572290676,
        2061418.3741878255,
        -10457596.07922114,
        27847304.73653484,
        -30487811.645384707
    ],
    "r_earth": 6371008.7714,
    "total_fragments": 480,
    "wake_psf_weights": [
        0.9,
        0.1
    ],
    "wake_psf": [
        3.0,
        20
    ],
    "wake_extension": 200,
    "rho": 2062.2873179177327,
    "m_init": 6.53213825859129e-05,
    "v_init": 68906.90564008841,
    "shape_factor": 1.21,
    "sigma": 2.4384888160481344e-08,
    "zenith_angle": 1.0422335653956494,
    "gamma": 1.0,
    "rho_grain": 3000,
    "lum_eff_type": 5,
    "lum_eff": 0.7,
    "mu": 3.8180000000000003e-26,
    "erosion_on": true,
    "erosion_bins_per_10mass": 10,
    "erosion_height_start": 124004.69214916264,
    "erosion_coeff": 2.2998152377724408e-10,
    "erosion_height_change": 114315.52461467133,
    "erosion_coeff_change": 2.298098459584475e-09,
    "erosion_rho_change": 2103.651989226808,
    "erosion_sigma_change": 1.1532039283838434e-08,
    "erosion_grain_distribution": "powerlaw",
    "erosion_mass_index": 2.7865092846125217,
    "erosion_mass_min": 1.5381747927657514e-10,
    "erosion_mass_max": 3.371106650333154e-10,
    "disruption_on": false,
    "compressive_strength": 2000,
    "disruption_height": null,
    "disruption_erosion_coeff": 3.3e-07,
    "disruption_mass_index": 2.0,
    "disruption_mass_min_ratio": 0.01,
    "disruption_mass_max_ratio": 0.1,
    "disruption_mass_grain_ratio": 0.25,
    "fragmentation_on": false,
    "fragmentation_show_individual_lcs": false,
    "fragmentation_entries": [],
    "fragmentation_file_name": "metsim_fragmentation.txt",
    "electron_density_meas_ht": -1000,
    "electron_density_meas_q": -1,
    "erosion_beg_vel": 68902.47477330019,
    "erosion_beg_mass": 6.483337702942275e-05,
    "erosion_beg_dyn_press": 65.30573293435845,
    "mass_at_erosion_change": 6.410236459079601e-05,
    "energy_per_cs_before_erosion": null,
    "energy_per_mass_before_erosion": null,
    "main_mass_exhaustion_ht": 94526.32434930197,
    "main_bottom_ht": 94526.32434930197,
    "noise_lag": 14.537331162976926,
    "noise_lum": 2.7342890064174066
}