{
    "dt": 0.005,
    "total_time": 2.5299999999999683,
    "n_active": 0,
    "m_kill": 1e-14,
    "v_kill": 60717.04888874259,
    "h_kill": 94689.91948644235,
    "len_kill": -1000,
    "h_init": 180000,
    "P_0m": 840,
    "dens_co": [
        -291.38874731224575,
        12616.765540518005,
        -224015.03572290676,
        2061418.3741878255,
        -10457596.07922114,
        27847304.73653484,
        -30487811.645384707
    ],
    "r_earth": 6371008.7714,
    "total_fragments": 1557,
    "wake_psf_weights": [
        0.9,
        0.1
    ],
    "wake_psf": [
        3.0,
        20
    ],
    "wake_extension": 200,
    "rho": 705.074755405212,
    "m_init": 0.00014721378738956467,
    "v_init": 68310.19747925173,
    "shape_factor": 1.21,
    "sigma": 7.055229772777397e-09,
    "zenith_angle": 1.0422335653956494,
    "gamma": 1.0,
    "rho_grain": 3000,
    "lum_eff_type": 5,
    "lum_eff": 0.7,
    "mu": 3.8180000000000003e-26,
    "erosion_on": true,
    "erosion_bins_per_10mass": 10,
    "erosion_height_start": 122098.1395841985,
    "erosion_coeff": 3.747057847576542e-08,
    "erosion_height_change": 120165.0758040668,
    "erosion_coeff_change": 9.533502819783957e-11,
    "erosion_rho_change": 2434.837838190535,
    "erosion_sigma_change": 2.2341617935504152e-08,
    "erosion_grain_distribution": "powerlaw",
    "erosion_mass_index": 2.0785840391370995,
    "erosion_mass_min": 8.97942693343274e-12,
    "erosion_mass_max": 4.3354796907294154e-10,
    "disruption_on": false,
    "compressive_strength": 2000,
    "disruption_height": null,
    "disruption_erosion_coeff": 3.3e-07,
    "disruption_mass_index": 2.0,
    "disruption_mass_min_ratio": 0.01,
    "disruption_mass_max_ratio": 0.1,
    "disruption_mass_grain_ratio": 0.25,
    "fragmentation_on": false,
    "fragmentation_show_individual_lcs": false,
    "fragmentation_entries": [],
    "fragmentation_file_name": "metsim_fragmentation.txt",
    "electron_density_meas_ht": -1000,
    "electron_density_meas_q": -1,
    "erosion_beg_vel": 68302.16702318682,
    "erosion_beg_mass": 0.00014659951861788504,
    "erosion_beg_dyn_press": 79.82390788020629,
    "mass_at_erosion_change": 0.00014595712573638723,
    "energy_per_cs_before_erosion": null,
    "energy_per_mass_before_erosion": null,
    "main_mass_exhaustion_ht": 94586.13634411298,
    "main_bottom_ht": 94586.13634411298,
    "noise_lag": 18.117825458986097,
    "noise_lum": 33.37376144051894
}