{
    "dt": 0.005,
    "total_time": 2.5299999999999683,
    "n_active": 0,
    "m_kill": 1e-14,
    "v_kill": 60717.04888874259,
    "h_kill": 94689.91948644235,
    "len_kill": -1000,
    "h_init": 180000,
    "P_0m": 840,
    "dens_co": [
        -291.38874731224575,
        12616.765540518005,
        -224015.03572290676,
        2061418.3741878255,
        -10457596.07922114,
        27847304.73653484,
        -30487811.645384707
    ],
    "r_earth": 6371008.7714,
    "total_fragments": 1557,
    "wake_psf_weights": [
        0.9,
        0.1
    ],
    "wake_psf": [
        3.0,
        20
    ],
    "wake_extension": 200,
    "rho": 704.9572548648699,
    "m_init": 0.0001472084741331604,
    "v_init": 68310.14002935261,
    "shape_factor": 1.21,
    "sigma": 7.0514537058910716e-09,
    "zenith_angle": 1.0422335653956494,
    "gamma": 1.0,
    "rho_grain": 3000,
    "lum_eff_type": 5,
    "lum_eff": 0.7,
    "mu": 3.8180000000000003e-26,
    "erosion_on": true,
    "erosion_bins_per_10mass": 10,
    "erosion_height_start": 122097.02432095577,
    "erosion_coeff": 3.742217103810756e-08,
    "erosion_height_change": 120153.6511415995,
    "erosion_coeff_change": 9.529382858434203e-11,
    "erosion_rho_change": 2434.56017695817,
    "erosion_sigma_change": 2.234004932104255e-08,
    "erosion_grain_distribution": "powerlaw",
    "erosion_mass_index": 2.0783369319495932,
    "erosion_mass_min": 8.977766933139514e-12,
    "erosion_mass_max": 4.332562338316176e-10,
    "disruption_on": false,
    "compressive_strength": 2000,
    "disruption_height": null,
    "disruption_erosion_coeff": 3.3e-07,
    "disruption_mass_index": 2.0,
    "disruption_mass_min_ratio": 0.01,
    "disruption_mass_max_ratio": 0.1,
    "disruption_mass_grain_ratio": 0.25,
    "fragmentation_on": false,
    "fragmentation_show_individual_lcs": false,
    "fragmentation_entries": [],
    "fragmentation_file_name": "metsim_fragmentation.txt",
    "electron_density_meas_ht": -1000,
    "electron_density_meas_q": -1,
    "erosion_beg_vel": 68302.1086230038,
    "erosion_beg_mass": 0.00014659451686768637,
    "erosion_beg_dyn_press": 79.82330628406784,
    "mass_at_erosion_change": 0.00014595282477221385,
    "energy_per_cs_before_erosion": null,
    "energy_per_mass_before_erosion": null,
    "main_mass_exhaustion_ht": 94586.20827442432,
    "main_bottom_ht": 94586.20827442432,
    "noise_lag": 18.116981097851937,
    "noise_lum": 33.29913602107976
}