{
    "dt": 0.005,
    "total_time": 2.494999999999969,
    "n_active": 0,
    "m_kill": 1e-14,
    "v_kill": 60267.264220098565,
    "h_kill": 94267.10730590133,
    "len_kill": -1000,
    "h_init": 180000,
    "P_0m": 840,
    "dens_co": [
        -277.0329904987022,
        11966.056187769465,
        -211845.83491991207,
        1941204.4839591298,
        -9795835.410978291,
        25921980.10132555,
        -28174197.456865687
    ],
    "r_earth": 6371008.7714,
    "total_fragments": 816,
    "wake_psf_weights": [
        0.9,
        0.1
    ],
    "wake_psf": [
        3.0,
        20
    ],
    "wake_extension": 200,
    "rho": 1355.459251885761,
    "m_init": 1.783684086296784e-05,
    "v_init": 69526.9807075886,
    "shape_factor": 1.21,
    "sigma": 2.8126623934019466e-08,
    "zenith_angle": 1.0412959082119353,
    "gamma": 1.0,
    "rho_grain": 3000,
    "lum_eff_type": 5,
    "lum_eff": 0.7,
    "mu": 3.8180000000000003e-26,
    "erosion_on": true,
    "erosion_bins_per_10mass": 10,
    "erosion_height_start": 122256.87240447866,
    "erosion_coeff": 5.775867466830733e-08,
    "erosion_height_change": 1,
    "erosion_coeff_change": 3.3e-07,
    "erosion_rho_change": 3700,
    "erosion_sigma_change": 2.3e-08,
    "erosion_grain_distribution": "powerlaw",
    "erosion_mass_index": 2.955533868529921,
    "erosion_mass_min": 2.714405175656884e-10,
    "erosion_mass_max": 8.42073606733629e-10,
    "disruption_on": true,
    "compressive_strength": 23541.54736306998,
    "disruption_height": null,
    "disruption_erosion_coeff": 3.3e-07,
    "disruption_mass_index": 1.0232977435888986,
    "disruption_mass_min_ratio": 0.002151467800041235,
    "disruption_mass_max_ratio": 0.060499966797639554,
    "disruption_mass_grain_ratio": 0.5040822072039096,
    "fragmentation_on": false,
    "fragmentation_show_individual_lcs": false,
    "fragmentation_entries": [],
    "fragmentation_file_name": "metsim_fragmentation.txt",
    "electron_density_meas_ht": -1000,
    "electron_density_meas_q": -1,
    "erosion_beg_vel": 69516.34863126467,
    "erosion_beg_mass": 1.7457759397959987e-05,
    "erosion_beg_dyn_press": 81.94307086613051,
    "mass_at_erosion_change": null,
    "energy_per_cs_before_erosion": null,
    "energy_per_mass_before_erosion": null,
    "main_mass_exhaustion_ht": 94187.81435184368,
    "main_bottom_ht": 94187.81435184368,
    "noise_lag": 7.836375812659633,
    "noise_lum": 9.774222194706201
}