{
    "dt": 0.005,
    "total_time": 2.549999999999968,
    "n_active": 0,
    "m_kill": 1e-14,
    "v_kill": 60267.264220098565,
    "h_kill": 94267.10730590133,
    "len_kill": -1000,
    "h_init": 180000,
    "P_0m": 840,
    "dens_co": [
        -277.0329904987022,
        11966.056187769465,
        -211845.83491991207,
        1941204.4839591298,
        -9795835.410978291,
        25921980.10132555,
        -28174197.456865687
    ],
    "r_earth": 6371008.7714,
    "total_fragments": 1432,
    "wake_psf_weights": [
        0.9,
        0.1
    ],
    "wake_psf": [
        3.0,
        20
    ],
    "wake_extension": 200,
    "rho": 3398.1526499164584,
    "m_init": 0.00010189614864132268,
    "v_init": 68688.68300310962,
    "shape_factor": 1.21,
    "sigma": 4.519335065333311e-08,
    "zenith_angle": 1.0462348935302819,
    "gamma": 1.0,
    "rho_grain": 3398.1526499164584,
    "lum_eff_type": 5,
    "lum_eff": 0.7,
    "mu": 3.8180000000000003e-26,
    "erosion_on": true,
    "erosion_bins_per_10mass": 10,
    "erosion_height_start": 115356.13204312285,
    "erosion_coeff": 1.0868156254390754e-09,
    "erosion_height_change": 1,
    "erosion_coeff_change": 3.3e-07,
    "erosion_rho_change": 3700,
    "erosion_sigma_change": 2.3e-08,
    "erosion_grain_distribution": "powerlaw",
    "erosion_mass_index": 2.7499128852693397,
    "erosion_mass_min": 8.59607504386492e-12,
    "erosion_mass_max": 1.0911212150322303e-10,
    "disruption_on": true,
    "compressive_strength": 20449.30914053097,
    "disruption_height": null,
    "disruption_erosion_coeff": 3.3e-07,
    "disruption_mass_index": 2.584210851903405,
    "disruption_mass_min_ratio": 3.507533795566129e-05,
    "disruption_mass_max_ratio": 0.00016528445083058987,
    "disruption_mass_grain_ratio": 0.5773627622656411,
    "fragmentation_on": false,
    "fragmentation_show_individual_lcs": false,
    "fragmentation_entries": [],
    "fragmentation_file_name": "metsim_fragmentation.txt",
    "electron_density_meas_ht": -1000,
    "electron_density_meas_q": -1,
    "erosion_beg_vel": 68682.41791498911,
    "erosion_beg_mass": 9.992140760868324e-05,
    "erosion_beg_dyn_press": 201.29795210533123,
    "mass_at_erosion_change": null,
    "energy_per_cs_before_erosion": null,
    "energy_per_mass_before_erosion": null,
    "main_mass_exhaustion_ht": 94233.30515636859,
    "main_bottom_ht": 94233.30515636859,
    "noise_lag": 8.600867430621669,
    "noise_lum": 3.3198235357134003
}