{
    "dt": 0.005,
    "total_time": 2.499999999999969,
    "n_active": 0,
    "m_kill": 1e-14,
    "v_kill": 60283.10458445036,
    "h_kill": 94208.61951325888,
    "len_kill": -1000,
    "h_init": 180000,
    "P_0m": 840,
    "dens_co": [
        -275.6549886867087,
        11904.15381948966,
        -210696.39012796214,
        1929909.9298197594,
        -9733889.658144245,
        25742166.84532703,
        -27958361.100167926
    ],
    "r_earth": 6371008.7714,
    "total_fragments": 2893,
    "wake_psf_weights": [
        0.9,
        0.1
    ],
    "wake_psf": [
        3.0,
        20
    ],
    "wake_extension": 200,
    "rho": 492.948388701093,
    "m_init": 2.791051553259162e-05,
    "v_init": 69163.2328146969,
    "shape_factor": 1.21,
    "sigma": 2.300879903489831e-08,
    "zenith_angle": 1.0421896818079337,
    "gamma": 1.0,
    "rho_grain": 3000,
    "lum_eff_type": 5,
    "lum_eff": 0.7,
    "mu": 3.8180000000000003e-26,
    "erosion_on": true,
    "erosion_bins_per_10mass": 10,
    "erosion_height_start": 125794.7709080122,
    "erosion_coeff": 4.148997361638122e-07,
    "erosion_height_change": 110660.29572124076,
    "erosion_coeff_change": 1.3574975438764832e-09,
    "erosion_rho_change": 2299.555691061962,
    "erosion_sigma_change": 2.0046670754073766e-08,
    "erosion_grain_distribution": "powerlaw",
    "erosion_mass_index": 2.057750961813336,
    "erosion_mass_min": 2.849881570846552e-11,
    "erosion_mass_max": 1.4487511667081688e-08,
    "disruption_on": true,
    "compressive_strength": 1665.1057069450899,
    "disruption_height": 102767.06808154091,
    "disruption_erosion_coeff": 3.3e-07,
    "disruption_mass_index": 1.8862387658242346,
    "disruption_mass_min_ratio": 0.0007132478553227646,
    "disruption_mass_max_ratio": 0.017393935993680516,
    "disruption_mass_grain_ratio": 0.5191995145037679,
    "fragmentation_on": false,
    "fragmentation_show_individual_lcs": false,
    "fragmentation_entries": [],
    "fragmentation_file_name": "metsim_fragmentation.txt",
    "electron_density_meas_ht": -1000,
    "electron_density_meas_q": -1,
    "erosion_beg_vel": 69149.86965116911,
    "erosion_beg_mass": 2.718623677636135e-05,
    "erosion_beg_dyn_press": 53.86571493559615,
    "mass_at_erosion_change": 3.6070211095714666e-06,
    "energy_per_cs_before_erosion": null,
    "energy_per_mass_before_erosion": null,
    "main_mass_exhaustion_ht": 102767.06808154091,
    "main_bottom_ht": 102767.06808154091,
    "noise_lag": 25.726837921827137,
    "noise_lum": 78.26730246347267
}