{
    "dt": 0.005,
    "total_time": 2.264999999999974,
    "n_active": 0,
    "m_kill": 1e-14,
    "v_kill": 60283.10458445036,
    "h_kill": 94208.61951325888,
    "len_kill": -1000,
    "h_init": 180000,
    "P_0m": 840,
    "dens_co": [
        -275.6549886867087,
        11904.15381948966,
        -210696.39012796214,
        1929909.9298197594,
        -9733889.658144245,
        25742166.84532703,
        -27958361.100167926
    ],
    "r_earth": 6371008.7714,
    "total_fragments": 650,
    "wake_psf_weights": [
        0.9,
        0.1
    ],
    "wake_psf": [
        3.0,
        20
    ],
    "wake_extension": 200,
    "wake_heights": null,
    "rho": 1989.3518457722564,
    "m_init": 2.1963581700146374e-05,
    "v_init": 69081.51166631012,
    "shape_factor": 1.21,
    "sigma": 4.414471475097731e-08,
    "zenith_angle": 1.0421896818079337,
    "gamma": 1.0,
    "rho_grain": 3000,
    "lum_eff_type": 5,
    "lum_eff": 0.7,
    "mu": 3.8180000000000003e-26,
    "erosion_on": true,
    "erosion_bins_per_10mass": 10,
    "erosion_height_start": 122864.82667454395,
    "erosion_coeff": 7.340146981110834e-07,
    "erosion_height_change": 104300.23794927786,
    "erosion_coeff_change": 3.3741119747845865e-10,
    "erosion_rho_change": 3426.249211029382,
    "erosion_sigma_change": 3.0763514002536706e-08,
    "erosion_grain_distribution": "powerlaw",
    "erosion_mass_index": 2.674715720159693,
    "erosion_mass_min": 3.226954506863425e-11,
    "erosion_mass_max": 1.136016127045958e-10,
    "disruption_on": true,
    "compressive_strength": 1505.1846960355867,
    "disruption_height": 103033.90547609645,
    "disruption_erosion_coeff": 3.3e-07,
    "disruption_mass_index": 2.5247546553255122,
    "disruption_mass_min_ratio": 0.009265769168410525,
    "disruption_mass_max_ratio": 0.020155493072723157,
    "disruption_mass_grain_ratio": 0.2799127013255967,
    "fragmentation_on": false,
    "fragmentation_show_individual_lcs": false,
    "fragmentation_entries": [],
    "fragmentation_file_name": "metsim_fragmentation.txt",
    "electron_density_meas_ht": -1000,
    "electron_density_meas_q": -1,
    "erosion_beg_vel": 69074.27297207167,
    "erosion_beg_mass": 2.136957354932913e-05,
    "erosion_beg_dyn_press": 75.09732321086877,
    "mass_at_erosion_change": 3.2188823970372885e-11,
    "energy_per_cs_before_erosion": null,
    "energy_per_mass_before_erosion": null,
    "main_mass_exhaustion_ht": 103033.90547609645,
    "main_bottom_ht": 103033.90547609645,
    "noise_lag": 54.16213371687212,
    "noise_lum": 134.7063580783008
}