{
    "dt": 0.005,
    "total_time": 2.344999999999972,
    "n_active": 0,
    "m_kill": 1e-14,
    "v_kill": 60283.10458445036,
    "h_kill": 94208.61951325888,
    "len_kill": -1000,
    "h_init": 180000,
    "P_0m": 840,
    "dens_co": [
        -275.6549886867087,
        11904.15381948966,
        -210696.39012796214,
        1929909.9298197594,
        -9733889.658144245,
        25742166.84532703,
        -27958361.100167926
    ],
    "r_earth": 6371008.7714,
    "total_fragments": 1363,
    "wake_psf_weights": [
        0.9,
        0.1
    ],
    "wake_psf": [
        3.0,
        20
    ],
    "wake_extension": 200,
    "rho": 993.5477445668782,
    "m_init": 2.0926418034163867e-05,
    "v_init": 69068.08509434728,
    "shape_factor": 1.21,
    "sigma": 1.7634248079740506e-08,
    "zenith_angle": 1.0421896818079337,
    "gamma": 1.0,
    "rho_grain": 3000,
    "lum_eff_type": 5,
    "lum_eff": 0.7,
    "mu": 3.8180000000000003e-26,
    "erosion_on": true,
    "erosion_bins_per_10mass": 10,
    "erosion_height_start": 127634.15788236447,
    "erosion_coeff": 5.955851948964898e-07,
    "erosion_height_change": 108736.64167016245,
    "erosion_coeff_change": 1.0032695514088098e-10,
    "erosion_rho_change": 3359.4684226914524,
    "erosion_sigma_change": 3.493566911569623e-08,
    "erosion_grain_distribution": "powerlaw",
    "erosion_mass_index": 2.145991859604405,
    "erosion_mass_min": 2.8949157730720334e-11,
    "erosion_mass_max": 3.656179870604453e-10,
    "disruption_on": true,
    "compressive_strength": 1686.7095727601416,
    "disruption_height": 102533.06559864857,
    "disruption_erosion_coeff": 3.3e-07,
    "disruption_mass_index": 2.4723174248463264,
    "disruption_mass_min_ratio": 0.0007997952758313635,
    "disruption_mass_max_ratio": 0.0008929872008385753,
    "disruption_mass_grain_ratio": 0.25501302974845425,
    "fragmentation_on": false,
    "fragmentation_show_individual_lcs": false,
    "fragmentation_entries": [],
    "fragmentation_file_name": "metsim_fragmentation.txt",
    "electron_density_meas_ht": -1000,
    "electron_density_meas_q": -1,
    "erosion_beg_vel": 69060.04516616669,
    "erosion_beg_mass": 2.0637381113941915e-05,
    "erosion_beg_dyn_press": 44.81053133860715,
    "mass_at_erosion_change": 7.548308438865201e-07,
    "energy_per_cs_before_erosion": null,
    "energy_per_mass_before_erosion": null,
    "main_mass_exhaustion_ht": 102533.06559864857,
    "main_bottom_ht": 102533.06559864857,
    "noise_lag": 37.18424344500444,
    "noise_lum": 170.4854365802385
}