{
    "dt": 0.005,
    "total_time": 2.544999999999968,
    "n_active": -1,
    "m_kill": 1e-14,
    "v_kill": 60283.10458445036,
    "h_kill": 94208.61951325888,
    "len_kill": -1000,
    "h_init": 180000,
    "P_0m": 840,
    "dens_co": [
        -275.6549886867087,
        11904.15381948966,
        -210696.39012796214,
        1929909.9298197594,
        -9733889.658144245,
        25742166.84532703,
        -27958361.100167926
    ],
    "r_earth": 6371008.7714,
    "total_fragments": 3448,
    "wake_psf_weights": [
        0.9,
        0.1
    ],
    "wake_psf": [
        3.0,
        20
    ],
    "wake_extension": 200,
    "rho": 156.08423467897887,
    "m_init": 2.005857006190694e-05,
    "v_init": 68571.00911984584,
    "shape_factor": 1.21,
    "sigma": 1.5093171085019873e-08,
    "zenith_angle": 1.0421896818079337,
    "gamma": 1.0,
    "rho_grain": 3000,
    "lum_eff_type": 5,
    "lum_eff": 0.7,
    "mu": 3.8180000000000003e-26,
    "erosion_on": true,
    "erosion_bins_per_10mass": 10,
    "erosion_height_start": 124447.18112656174,
    "erosion_coeff": 7.028070327653635e-09,
    "erosion_height_change": 118279.78842808508,
    "erosion_coeff_change": 4.5105369307235446e-10,
    "erosion_rho_change": 1030.1459073920278,
    "erosion_sigma_change": 5.95366821365811e-09,
    "erosion_grain_distribution": "powerlaw",
    "erosion_mass_index": 1.8019170537848406,
    "erosion_mass_min": 2.360897309845131e-11,
    "erosion_mass_max": 1.6154298780279941e-09,
    "disruption_on": true,
    "compressive_strength": 1625.5506830770178,
    "disruption_height": 102759.95086624353,
    "disruption_erosion_coeff": 3.3e-07,
    "disruption_mass_index": 1.2292840014800872,
    "disruption_mass_min_ratio": 0.004013402878718736,
    "disruption_mass_max_ratio": 0.10605503995414967,
    "disruption_mass_grain_ratio": 0.3178283615366879,
    "fragmentation_on": false,
    "fragmentation_show_individual_lcs": false,
    "fragmentation_entries": [],
    "fragmentation_file_name": "metsim_fragmentation.txt",
    "electron_density_meas_ht": -1000,
    "electron_density_meas_q": -1,
    "erosion_beg_vel": 68535.37630949616,
    "erosion_beg_mass": 1.932739725806615e-05,
    "erosion_beg_dyn_press": 61.533918344878764,
    "mass_at_erosion_change": 1.8587217651217077e-05,
    "energy_per_cs_before_erosion": null,
    "energy_per_mass_before_erosion": null,
    "main_mass_exhaustion_ht": 102759.95086624353,
    "main_bottom_ht": 102759.95086624353,
    "noise_lag": 13.815067138989011,
    "noise_lum": 4.12000091131344
}