{
    "dt": 0.005,
    "total_time": 2.504999999999969,
    "n_active": 0,
    "m_kill": 1e-14,
    "v_kill": 60283.10458445036,
    "h_kill": 94208.61951325888,
    "len_kill": -1000,
    "h_init": 180000,
    "P_0m": 840,
    "dens_co": [
        -275.6549886867087,
        11904.15381948966,
        -210696.39012796214,
        1929909.9298197594,
        -9733889.658144245,
        25742166.84532703,
        -27958361.100167926
    ],
    "r_earth": 6371008.7714,
    "total_fragments": 2989,
    "wake_psf_weights": [
        0.9,
        0.1
    ],
    "wake_psf": [
        3.0,
        20
    ],
    "wake_extension": 200,
    "rho": 520.3849973185552,
    "m_init": 2.6640566538773728e-05,
    "v_init": 69148.96231363725,
    "shape_factor": 1.21,
    "sigma": 2.532992288490161e-08,
    "zenith_angle": 1.0421896818079337,
    "gamma": 1.0,
    "rho_grain": 3000,
    "lum_eff_type": 5,
    "lum_eff": 0.7,
    "mu": 3.8180000000000003e-26,
    "erosion_on": true,
    "erosion_bins_per_10mass": 10,
    "erosion_height_start": 125174.69310863112,
    "erosion_coeff": 1.7436056518235952e-07,
    "erosion_height_change": 111079.41601516384,
    "erosion_coeff_change": 1.5689202078509336e-09,
    "erosion_rho_change": 2425.8730263792077,
    "erosion_sigma_change": 2.1306072728297598e-08,
    "erosion_grain_distribution": "powerlaw",
    "erosion_mass_index": 2.0243441411440712,
    "erosion_mass_min": 2.2757471651452397e-11,
    "erosion_mass_max": 7.646122137321538e-09,
    "disruption_on": true,
    "compressive_strength": 1683.1079104231367,
    "disruption_height": 102610.7896576787,
    "disruption_erosion_coeff": 3.3e-07,
    "disruption_mass_index": 2.001504485090634,
    "disruption_mass_min_ratio": 0.0005960412674362457,
    "disruption_mass_max_ratio": 0.011404820686606382,
    "disruption_mass_grain_ratio": 0.5593560222264012,
    "fragmentation_on": false,
    "fragmentation_show_individual_lcs": false,
    "fragmentation_entries": [],
    "fragmentation_file_name": "metsim_fragmentation.txt",
    "electron_density_meas_ht": -1000,
    "electron_density_meas_q": -1,
    "erosion_beg_vel": 69135.17210295552,
    "erosion_beg_mass": 2.594622945047512e-05,
    "erosion_beg_dyn_press": 57.841447499448265,
    "mass_at_erosion_change": 1.3429228369085879e-05,
    "energy_per_cs_before_erosion": null,
    "energy_per_mass_before_erosion": null,
    "main_mass_exhaustion_ht": 102610.7896576787,
    "main_bottom_ht": 102610.7896576787,
    "noise_lag": 25.939267263669617,
    "noise_lum": 106.56935796452763
}