{
    "dt": 0.005,
    "total_time": 2.504999999999969,
    "n_active": -1,
    "m_kill": 1e-14,
    "v_kill": 60283.10458445036,
    "h_kill": 94208.61951325888,
    "len_kill": -1000,
    "h_init": 180000,
    "P_0m": 840,
    "dens_co": [
        -275.6549886867087,
        11904.15381948966,
        -210696.39012796214,
        1929909.9298197594,
        -9733889.658144245,
        25742166.84532703,
        -27958361.100167926
    ],
    "r_earth": 6371008.7714,
    "total_fragments": 954,
    "wake_psf_weights": [
        0.9,
        0.1
    ],
    "wake_psf": [
        3.0,
        20
    ],
    "wake_extension": 200,
    "rho": 2145.27283618356,
    "m_init": 0.00014523335340125093,
    "v_init": 69480.71054795063,
    "shape_factor": 1.21,
    "sigma": 2.584278641364061e-08,
    "zenith_angle": 1.0421896818079337,
    "gamma": 1.0,
    "rho_grain": 3000,
    "lum_eff_type": 5,
    "lum_eff": 0.7,
    "mu": 3.8180000000000003e-26,
    "erosion_on": true,
    "erosion_bins_per_10mass": 10,
    "erosion_height_start": 119979.14075980482,
    "erosion_coeff": 4.7365872416079975e-09,
    "erosion_height_change": 102354.81853254263,
    "erosion_coeff_change": 9.120208631324954e-11,
    "erosion_rho_change": 2892.145457538511,
    "erosion_sigma_change": 2.097030136907714e-08,
    "erosion_grain_distribution": "powerlaw",
    "erosion_mass_index": 1.9648219679344476,
    "erosion_mass_min": 2.180672026672998e-10,
    "erosion_mass_max": 6.442466569126183e-08,
    "disruption_on": true,
    "compressive_strength": 1771.4041180936242,
    "disruption_height": 102400.91758251378,
    "disruption_erosion_coeff": 3.3e-07,
    "disruption_mass_index": 2.1944807138042917,
    "disruption_mass_min_ratio": 0.061714268556987244,
    "disruption_mass_max_ratio": 7.789330411568689e-05,
    "disruption_mass_grain_ratio": 0.2790931252286605,
    "fragmentation_on": false,
    "fragmentation_show_individual_lcs": false,
    "fragmentation_entries": [],
    "fragmentation_file_name": "metsim_fragmentation.txt",
    "electron_density_meas_ht": -1000,
    "electron_density_meas_q": -1,
    "erosion_beg_vel": 69475.9692256182,
    "erosion_beg_mass": 0.00014398973240642006,
    "erosion_beg_dyn_press": 108.58880982899043,
    "mass_at_erosion_change": null,
    "energy_per_cs_before_erosion": null,
    "energy_per_mass_before_erosion": null,
    "main_mass_exhaustion_ht": 102400.91758251378,
    "main_bottom_ht": 102400.91758251378,
    "noise_lag": 23.366216612384846,
    "noise_lum": 1.3859529910419361
}