{
    "dt": 0.005,
    "total_time": 2.544999999999968,
    "n_active": -1,
    "m_kill": 1e-14,
    "v_kill": 60283.10458445036,
    "h_kill": 94208.61951325888,
    "len_kill": -1000,
    "h_init": 180000,
    "P_0m": 840,
    "dens_co": [
        -275.6549886867087,
        11904.15381948966,
        -210696.39012796214,
        1929909.9298197594,
        -9733889.658144245,
        25742166.84532703,
        -27958361.100167926
    ],
    "r_earth": 6371008.7714,
    "total_fragments": 3449,
    "wake_psf_weights": [
        0.9,
        0.1
    ],
    "wake_psf": [
        3.0,
        20
    ],
    "wake_extension": 200,
    "rho": 156.3226544975857,
    "m_init": 2.0086905775259684e-05,
    "v_init": 68571.07015880394,
    "shape_factor": 1.21,
    "sigma": 1.5102115669589337e-08,
    "zenith_angle": 1.0421896818079337,
    "gamma": 1.0,
    "rho_grain": 3000,
    "lum_eff_type": 5,
    "lum_eff": 0.7,
    "mu": 3.8180000000000003e-26,
    "erosion_on": true,
    "erosion_bins_per_10mass": 10,
    "erosion_height_start": 124450.54722720566,
    "erosion_coeff": 7.043339394895001e-09,
    "erosion_height_change": 118287.69924994677,
    "erosion_coeff_change": 4.5118540522210174e-10,
    "erosion_rho_change": 1031.8286002365974,
    "erosion_sigma_change": 5.956213669661966e-09,
    "erosion_grain_distribution": "powerlaw",
    "erosion_mass_index": 1.8023212176715155,
    "erosion_mass_min": 2.361603581343401e-11,
    "erosion_mass_max": 1.616382970265559e-09,
    "disruption_on": true,
    "compressive_strength": 1625.6983434515316,
    "disruption_height": 102759.83299416298,
    "disruption_erosion_coeff": 3.3e-07,
    "disruption_mass_index": 1.2297116690722572,
    "disruption_mass_min_ratio": 0.004015188248023442,
    "disruption_mass_max_ratio": 0.10606322236505521,
    "disruption_mass_grain_ratio": 0.31788181484410116,
    "fragmentation_on": false,
    "fragmentation_show_individual_lcs": false,
    "fragmentation_entries": [],
    "fragmentation_file_name": "metsim_fragmentation.txt",
    "electron_density_meas_ht": -1000,
    "electron_density_meas_q": -1,
    "erosion_beg_vel": 68535.49035869232,
    "erosion_beg_mass": 1.93553351449396e-05,
    "erosion_beg_dyn_press": 61.53453299293328,
    "mass_at_erosion_change": 1.8614371529538263e-05,
    "energy_per_cs_before_erosion": null,
    "energy_per_mass_before_erosion": null,
    "main_mass_exhaustion_ht": 102759.83299416298,
    "main_bottom_ht": 102759.83299416298,
    "noise_lag": 13.82248708908503,
    "noise_lum": 4.124976994801679
}