{
    "dt": 0.005,
    "total_time": 2.264999999999974,
    "n_active": 0,
    "m_kill": 1e-14,
    "v_kill": 60283.10458445036,
    "h_kill": 94208.61951325888,
    "len_kill": -1000,
    "h_init": 180000,
    "P_0m": 840,
    "dens_co": [
        -275.6549886867087,
        11904.15381948966,
        -210696.39012796214,
        1929909.9298197594,
        -9733889.658144245,
        25742166.84532703,
        -27958361.100167926
    ],
    "r_earth": 6371008.7714,
    "total_fragments": 472,
    "wake_psf_weights": [
        0.9,
        0.1
    ],
    "wake_psf": [
        3.0,
        20
    ],
    "wake_extension": 200,
    "wake_heights": null,
    "rho": 1962.0255381407296,
    "m_init": 2.238795345197921e-05,
    "v_init": 69067.49942533726,
    "shape_factor": 1.21,
    "sigma": 4.454536379841719e-08,
    "zenith_angle": 1.0421896818079337,
    "gamma": 1.0,
    "rho_grain": 3000,
    "lum_eff_type": 5,
    "lum_eff": 0.7,
    "mu": 3.8180000000000003e-26,
    "erosion_on": true,
    "erosion_bins_per_10mass": 10,
    "erosion_height_start": 124281.27522810499,
    "erosion_coeff": 7.216460717958767e-07,
    "erosion_height_change": 104359.02438317034,
    "erosion_coeff_change": 4.199660434348697e-09,
    "erosion_rho_change": 3845.159866836191,
    "erosion_sigma_change": 3.180475379090643e-08,
    "erosion_grain_distribution": "powerlaw",
    "erosion_mass_index": 2.847825097363996,
    "erosion_mass_min": 5.153063640856468e-11,
    "erosion_mass_max": 1.1218254500280931e-10,
    "disruption_on": true,
    "compressive_strength": 1572.5867099769223,
    "disruption_height": 102722.66001498028,
    "disruption_erosion_coeff": 3.3e-07,
    "disruption_mass_index": 2.4436354403592038,
    "disruption_mass_min_ratio": 0.0025541566175431222,
    "disruption_mass_max_ratio": 0.017076277421235634,
    "disruption_mass_grain_ratio": 0.27996590644970076,
    "fragmentation_on": false,
    "fragmentation_show_individual_lcs": false,
    "fragmentation_entries": [],
    "fragmentation_file_name": "metsim_fragmentation.txt",
    "electron_density_meas_ht": -1000,
    "electron_density_meas_q": -1,
    "erosion_beg_vel": 69061.02042674038,
    "erosion_beg_mass": 2.184739082164607e-05,
    "erosion_beg_dyn_press": 64.13706950072729,
    "mass_at_erosion_change": 3.6195183143232546e-11,
    "energy_per_cs_before_erosion": null,
    "energy_per_mass_before_erosion": null,
    "main_mass_exhaustion_ht": 102722.66001498028,
    "main_bottom_ht": 102722.66001498028,
    "noise_lag": 58.88650394596343,
    "noise_lum": 120.69293960423983
}