{
    "dt": 0.005,
    "total_time": 2.399999999999971,
    "n_active": 0,
    "m_kill": 1e-14,
    "v_kill": 60283.10458445036,
    "h_kill": 94208.61951325888,
    "len_kill": -1000,
    "h_init": 180000,
    "P_0m": 840,
    "dens_co": [
        -275.6549886867087,
        11904.15381948966,
        -210696.39012796214,
        1929909.9298197594,
        -9733889.658144245,
        25742166.84532703,
        -27958361.100167926
    ],
    "r_earth": 6371008.7714,
    "total_fragments": 651,
    "wake_psf_weights": [
        0.9,
        0.1
    ],
    "wake_psf": [
        3.0,
        20
    ],
    "wake_extension": 200,
    "rho": 2308.7227592128,
    "m_init": 8.390983604631063e-05,
    "v_init": 69309.72381013235,
    "shape_factor": 1.21,
    "sigma": 2.423049461293804e-08,
    "zenith_angle": 1.0421896818079337,
    "gamma": 1.0,
    "rho_grain": 3000,
    "lum_eff_type": 5,
    "lum_eff": 0.7,
    "mu": 3.8180000000000003e-26,
    "erosion_on": true,
    "erosion_bins_per_10mass": 10,
    "erosion_height_start": 122220.15174496143,
    "erosion_coeff": 9.435078257665182e-10,
    "erosion_height_change": 109826.37050530528,
    "erosion_coeff_change": 8.965778490971216e-10,
    "erosion_rho_change": 1732.1929831046998,
    "erosion_sigma_change": 2.4705924477012836e-08,
    "erosion_grain_distribution": "powerlaw",
    "erosion_mass_index": 2.0669824542613617,
    "erosion_mass_min": 8.130444551117063e-11,
    "erosion_mass_max": 2.495448693377531e-09,
    "disruption_on": true,
    "compressive_strength": 1546.9636098467117,
    "disruption_height": 103094.4113263723,
    "disruption_erosion_coeff": 3.3e-07,
    "disruption_mass_index": 2.0559637317702943,
    "disruption_mass_min_ratio": 0.003619555389278385,
    "disruption_mass_max_ratio": 0.0010723299486409834,
    "disruption_mass_grain_ratio": 0.4813324675921188,
    "fragmentation_on": false,
    "fragmentation_show_individual_lcs": false,
    "fragmentation_entries": [],
    "fragmentation_file_name": "metsim_fragmentation.txt",
    "electron_density_meas_ht": -1000,
    "electron_density_meas_q": -1,
    "erosion_beg_vel": 69305.2826559096,
    "erosion_beg_mass": 8.32813693475866e-05,
    "erosion_beg_dyn_press": 82.15900050965173,
    "mass_at_erosion_change": 8.146368455738356e-05,
    "energy_per_cs_before_erosion": null,
    "energy_per_mass_before_erosion": null,
    "main_mass_exhaustion_ht": 103094.4113263723,
    "main_bottom_ht": 103094.4113263723,
    "noise_lag": 20.220869852820645,
    "noise_lum": 2.518720724332027
}