{
    "dt": 0.005,
    "total_time": 2.264999999999974,
    "n_active": 0,
    "m_kill": 1e-14,
    "v_kill": 60283.10458445036,
    "h_kill": 94208.61951325888,
    "len_kill": -1000,
    "h_init": 180000,
    "P_0m": 840,
    "dens_co": [
        -275.6549886867087,
        11904.15381948966,
        -210696.39012796214,
        1929909.9298197594,
        -9733889.658144245,
        25742166.84532703,
        -27958361.100167926
    ],
    "r_earth": 6371008.7714,
    "total_fragments": 847,
    "wake_psf_weights": [
        0.9,
        0.1
    ],
    "wake_psf": [
        3.0,
        20
    ],
    "wake_extension": 200,
    "wake_heights": null,
    "rho": 1925.4360065332714,
    "m_init": 2.1576751677953766e-05,
    "v_init": 69089.2430682488,
    "shape_factor": 1.21,
    "sigma": 4.083115677777136e-08,
    "zenith_angle": 1.0421896818079337,
    "gamma": 1.0,
    "rho_grain": 3000,
    "lum_eff_type": 5,
    "lum_eff": 0.7,
    "mu": 3.8180000000000003e-26,
    "erosion_on": true,
    "erosion_bins_per_10mass": 10,
    "erosion_height_start": 122551.73165527484,
    "erosion_coeff": 7.20104743139646e-07,
    "erosion_height_change": 104300.22390785176,
    "erosion_coeff_change": 4.865660156579332e-10,
    "erosion_rho_change": 3348.799328712598,
    "erosion_sigma_change": 3.102550107560833e-08,
    "erosion_grain_distribution": "powerlaw",
    "erosion_mass_index": 2.6205221603973534,
    "erosion_mass_min": 1.812508346761792e-11,
    "erosion_mass_max": 1.0461875917975861e-10,
    "disruption_on": true,
    "compressive_strength": 1507.847203083705,
    "disruption_height": 103025.5690925766,
    "disruption_erosion_coeff": 3.3e-07,
    "disruption_mass_index": 2.550710429381928,
    "disruption_mass_min_ratio": 0.005718858578524089,
    "disruption_mass_max_ratio": 0.006378534135016901,
    "disruption_mass_grain_ratio": 0.33166958034185995,
    "fragmentation_on": false,
    "fragmentation_show_individual_lcs": false,
    "fragmentation_entries": [],
    "fragmentation_file_name": "metsim_fragmentation.txt",
    "electron_density_meas_ht": -1000,
    "electron_density_meas_q": -1,
    "erosion_beg_vel": 69081.57783305211,
    "erosion_beg_mass": 2.0997214425068307e-05,
    "erosion_beg_dyn_press": 78.25294246952913,
    "mass_at_erosion_change": 3.73173619183096e-11,
    "energy_per_cs_before_erosion": null,
    "energy_per_mass_before_erosion": null,
    "main_mass_exhaustion_ht": 103025.5690925766,
    "main_bottom_ht": 103025.5690925766,
    "noise_lag": 52.5189264803155,
    "noise_lum": 136.43951285814535
}