{
    "dt": 0.005,
    "total_time": 2.399999999999971,
    "n_active": 0,
    "m_kill": 1e-14,
    "v_kill": 60283.10458445036,
    "h_kill": 94208.61951325888,
    "len_kill": -1000,
    "h_init": 180000,
    "P_0m": 840,
    "dens_co": [
        -275.6549886867087,
        11904.15381948966,
        -210696.39012796214,
        1929909.9298197594,
        -9733889.658144245,
        25742166.84532703,
        -27958361.100167926
    ],
    "r_earth": 6371008.7714,
    "total_fragments": 664,
    "wake_psf_weights": [
        0.9,
        0.1
    ],
    "wake_psf": [
        3.0,
        20
    ],
    "wake_extension": 200,
    "rho": 2226.647386081272,
    "m_init": 9.107023551398476e-05,
    "v_init": 69293.59799731307,
    "shape_factor": 1.21,
    "sigma": 2.453757976214275e-08,
    "zenith_angle": 1.0421896818079337,
    "gamma": 1.0,
    "rho_grain": 3000,
    "lum_eff_type": 5,
    "lum_eff": 0.7,
    "mu": 3.8180000000000003e-26,
    "erosion_on": true,
    "erosion_bins_per_10mass": 10,
    "erosion_height_start": 122079.26741553328,
    "erosion_coeff": 8.64809054671623e-10,
    "erosion_height_change": 109621.01024076385,
    "erosion_coeff_change": 7.869388425654836e-10,
    "erosion_rho_change": 1907.9907460172808,
    "erosion_sigma_change": 2.5314431211329336e-08,
    "erosion_grain_distribution": "powerlaw",
    "erosion_mass_index": 2.013687237283046,
    "erosion_mass_min": 7.44359730963272e-11,
    "erosion_mass_max": 2.6989527478388816e-09,
    "disruption_on": true,
    "compressive_strength": 1524.3541423504387,
    "disruption_height": 103280.21588656321,
    "disruption_erosion_coeff": 3.3e-07,
    "disruption_mass_index": 2.0294608264437386,
    "disruption_mass_min_ratio": 0.003132121413403944,
    "disruption_mass_max_ratio": 0.0013586710929802011,
    "disruption_mass_grain_ratio": 0.49060036880167657,
    "fragmentation_on": false,
    "fragmentation_show_individual_lcs": false,
    "fragmentation_entries": [],
    "fragmentation_file_name": "metsim_fragmentation.txt",
    "electron_density_meas_ht": -1000,
    "electron_density_meas_q": -1,
    "erosion_beg_vel": 69289.17707458304,
    "erosion_beg_mass": 9.038283860930995e-05,
    "erosion_beg_dyn_press": 81.98915623998558,
    "mass_at_erosion_change": 8.83422984625228e-05,
    "energy_per_cs_before_erosion": null,
    "energy_per_mass_before_erosion": null,
    "main_mass_exhaustion_ht": 103280.21588656321,
    "main_bottom_ht": 103280.21588656321,
    "noise_lag": 21.70692899109646,
    "noise_lum": 2.9625131670228706
}