{
    "dt": 0.005,
    "total_time": 2.264999999999974,
    "n_active": 0,
    "m_kill": 1e-14,
    "v_kill": 60283.10458445036,
    "h_kill": 94208.61951325888,
    "len_kill": -1000,
    "h_init": 180000,
    "P_0m": 840,
    "dens_co": [
        -275.6549886867087,
        11904.15381948966,
        -210696.39012796214,
        1929909.9298197594,
        -9733889.658144245,
        25742166.84532703,
        -27958361.100167926
    ],
    "r_earth": 6371008.7714,
    "total_fragments": 656,
    "wake_psf_weights": [
        0.9,
        0.1
    ],
    "wake_psf": [
        3.0,
        20
    ],
    "wake_extension": 200,
    "wake_heights": null,
    "rho": 1988.2373260767222,
    "m_init": 2.1940814834699653e-05,
    "v_init": 69077.18247679895,
    "shape_factor": 1.21,
    "sigma": 4.446418576431792e-08,
    "zenith_angle": 1.0421896818079337,
    "gamma": 1.0,
    "rho_grain": 3000,
    "lum_eff_type": 5,
    "lum_eff": 0.7,
    "mu": 3.8180000000000003e-26,
    "erosion_on": true,
    "erosion_bins_per_10mass": 10,
    "erosion_height_start": 122969.97165147816,
    "erosion_coeff": 7.332600012986618e-07,
    "erosion_height_change": 104296.88162111156,
    "erosion_coeff_change": 3.7502159748097205e-10,
    "erosion_rho_change": 3420.1428385376066,
    "erosion_sigma_change": 3.0735613153248904e-08,
    "erosion_grain_distribution": "powerlaw",
    "erosion_mass_index": 2.692275644136972,
    "erosion_mass_min": 3.209369688898369e-11,
    "erosion_mass_max": 1.1396121955755173e-10,
    "disruption_on": true,
    "compressive_strength": 1504.0040784917123,
    "disruption_height": 103039.27924807313,
    "disruption_erosion_coeff": 3.3e-07,
    "disruption_mass_index": 2.5137413900916865,
    "disruption_mass_min_ratio": 0.009151979500596583,
    "disruption_mass_max_ratio": 0.022428438291547507,
    "disruption_mass_grain_ratio": 0.27996642454027376,
    "fragmentation_on": false,
    "fragmentation_show_individual_lcs": false,
    "fragmentation_entries": [],
    "fragmentation_file_name": "metsim_fragmentation.txt",
    "electron_density_meas_ht": -1000,
    "electron_density_meas_q": -1,
    "erosion_beg_vel": 69070.04421648334,
    "erosion_beg_mass": 2.13529347335188e-05,
    "erosion_beg_dyn_press": 73.57657285254705,
    "mass_at_erosion_change": 2.93515111460625e-11,
    "energy_per_cs_before_erosion": null,
    "energy_per_mass_before_erosion": null,
    "main_mass_exhaustion_ht": 103039.27924807313,
    "main_bottom_ht": 103039.27924807313,
    "noise_lag": 54.2543381822192,
    "noise_lum": 134.89778014546675
}