{
    "dt": 0.005,
    "total_time": 1.354999999999993,
    "n_active": 0,
    "m_kill": 1e-14,
    "v_kill": 60717.04888874259,
    "h_kill": 94689.91948644235,
    "len_kill": -1000,
    "h_init": 180000,
    "P_0m": 840,
    "dens_co": [
        -291.38874731224575,
        12616.765540518005,
        -224015.03572290676,
        2061418.3741878255,
        -10457596.07922114,
        27847304.73653484,
        -30487811.645384707
    ],
    "r_earth": 6371008.7714,
    "total_fragments": 5,
    "wake_psf_weights": [
        0.9,
        0.1
    ],
    "wake_psf": [
        3.0,
        20
    ],
    "wake_extension": 200,
    "rho": 1171.290375252278,
    "m_init": 1.7833678598817096e-05,
    "v_init": 68193.2952815077,
    "shape_factor": 1.21,
    "sigma": 4.8555071076153966e-08,
    "zenith_angle": 1.0422335653956494,
    "gamma": 1.0,
    "rho_grain": 3000,
    "lum_eff_type": 5,
    "lum_eff": 0.7,
    "mu": 3.8180000000000003e-26,
    "erosion_on": true,
    "erosion_bins_per_10mass": 10,
    "erosion_height_start": 117593.22037401798,
    "erosion_coeff": 3.565236213270952e-07,
    "erosion_height_change": 1,
    "erosion_coeff_change": 3.3e-07,
    "erosion_rho_change": 3700,
    "erosion_sigma_change": 2.3e-08,
    "erosion_grain_distribution": "powerlaw",
    "erosion_mass_index": 1.2408272670033311,
    "erosion_mass_min": 8.828617116490906e-10,
    "erosion_mass_max": 9.202165782363662e-10,
    "disruption_on": true,
    "compressive_strength": 0.7015808513968088,
    "disruption_height": 179828.05958891808,
    "disruption_erosion_coeff": 3.3e-07,
    "disruption_mass_index": 2.5585850961131236,
    "disruption_mass_min_ratio": 0.00012580303535369427,
    "disruption_mass_max_ratio": 0.00021426354274758498,
    "disruption_mass_grain_ratio": 0.6490689304872627,
    "fragmentation_on": false,
    "fragmentation_show_individual_lcs": false,
    "fragmentation_entries": [],
    "fragmentation_file_name": "metsim_fragmentation.txt",
    "electron_density_meas_ht": -1000,
    "electron_density_meas_q": -1,
    "erosion_beg_vel": null,
    "erosion_beg_mass": null,
    "erosion_beg_dyn_press": null,
    "mass_at_erosion_change": null,
    "energy_per_cs_before_erosion": null,
    "energy_per_mass_before_erosion": null,
    "main_mass_exhaustion_ht": 179828.05958891808,
    "main_bottom_ht": 179828.05958891808,
    "noise_lag": 38.11587463292706,
    "noise_lum": 6.663811962884281
}