{
    "dt": 0.005,
    "total_time": 2.5199999999999685,
    "n_active": -1,
    "m_kill": 1e-14,
    "v_kill": 60283.10458445036,
    "h_kill": 94208.61951325888,
    "len_kill": -1000,
    "h_init": 180000,
    "P_0m": 840,
    "dens_co": [
        -275.6549886867087,
        11904.15381948966,
        -210696.39012796214,
        1929909.9298197594,
        -9733889.658144245,
        25742166.84532703,
        -27958361.100167926
    ],
    "r_earth": 6371008.7714,
    "total_fragments": 1309,
    "wake_psf_weights": [
        0.9,
        0.1
    ],
    "wake_psf": [
        3.0,
        20
    ],
    "wake_extension": 200,
    "rho": 549.2712702998281,
    "m_init": 1.0318005178853823e-05,
    "v_init": 68807.62990811019,
    "shape_factor": 1.21,
    "sigma": 1.6711918284592566e-08,
    "zenith_angle": 1.0421896818079337,
    "gamma": 1.0,
    "rho_grain": 3000,
    "lum_eff_type": 5,
    "lum_eff": 0.7,
    "mu": 3.8180000000000003e-26,
    "erosion_on": true,
    "erosion_bins_per_10mass": 10,
    "erosion_height_start": 121049.38281610602,
    "erosion_coeff": 4.18953059962357e-09,
    "erosion_height_change": 107285.7277586467,
    "erosion_coeff_change": 6.052977095035781e-07,
    "erosion_rho_change": 1956.6007544808608,
    "erosion_sigma_change": 1.1868185177329921e-08,
    "erosion_grain_distribution": "powerlaw",
    "erosion_mass_index": 2.7519544660570148,
    "erosion_mass_min": 4.455477012937144e-11,
    "erosion_mass_max": 7.59246995939954e-09,
    "disruption_on": true,
    "compressive_strength": 1535.1122026007563,
    "disruption_height": 103160.39478767125,
    "disruption_erosion_coeff": 3.3e-07,
    "disruption_mass_index": 1.9597976903439214,
    "disruption_mass_min_ratio": 0.0018232589246241788,
    "disruption_mass_max_ratio": 0.03729276655904485,
    "disruption_mass_grain_ratio": 0.7709335808160425,
    "fragmentation_on": false,
    "fragmentation_show_individual_lcs": false,
    "fragmentation_entries": [],
    "fragmentation_file_name": "metsim_fragmentation.txt",
    "electron_density_meas_ht": -1000,
    "electron_density_meas_q": -1,
    "erosion_beg_vel": 68781.9403136002,
    "erosion_beg_mass": 1.0016206021451835e-05,
    "erosion_beg_dyn_press": 92.66612782678327,
    "mass_at_erosion_change": 8.620626067994915e-06,
    "energy_per_cs_before_erosion": null,
    "energy_per_mass_before_erosion": null,
    "main_mass_exhaustion_ht": 103160.39478767125,
    "main_bottom_ht": 103160.39478767125,
    "noise_lag": 34.639621625493994,
    "noise_lum": 16.187702865627553
}