{
    "dt": 0.005,
    "total_time": 2.5199999999999685,
    "n_active": 0,
    "m_kill": 1e-14,
    "v_kill": 60283.10458445036,
    "h_kill": 94208.61951325888,
    "len_kill": -1000,
    "h_init": 180000,
    "P_0m": 840,
    "dens_co": [
        -275.6549886867087,
        11904.15381948966,
        -210696.39012796214,
        1929909.9298197594,
        -9733889.658144245,
        25742166.84532703,
        -27958361.100167926
    ],
    "r_earth": 6371008.7714,
    "total_fragments": 2909,
    "wake_psf_weights": [
        0.9,
        0.1
    ],
    "wake_psf": [
        3.0,
        20
    ],
    "wake_extension": 200,
    "wake_heights": null,
    "rho": 252.88963432114417,
    "m_init": 2.8525031236398456e-05,
    "v_init": 69193.10267772246,
    "shape_factor": 1.21,
    "sigma": 2.3006792714920714e-08,
    "zenith_angle": 1.0421896818079337,
    "gamma": 1.0,
    "rho_grain": 3000,
    "lum_eff_type": 5,
    "lum_eff": 0.7,
    "mu": 3.8180000000000003e-26,
    "erosion_on": true,
    "erosion_bins_per_10mass": 10,
    "erosion_height_start": 123859.02912419403,
    "erosion_coeff": 3.3365782769257023e-07,
    "erosion_height_change": 110618.94226345509,
    "erosion_coeff_change": 2.2747300190298837e-11,
    "erosion_rho_change": 466.68518085850576,
    "erosion_sigma_change": 1.0946083548628214e-08,
    "erosion_grain_distribution": "powerlaw",
    "erosion_mass_index": 2.0620687999590017,
    "erosion_mass_min": 6.551988855195057e-12,
    "erosion_mass_max": 1.9196318365205535e-08,
    "disruption_on": true,
    "compressive_strength": 1684.199306425237,
    "disruption_height": 102590.794884206,
    "disruption_erosion_coeff": 3.3e-07,
    "disruption_mass_index": 1.863747089133429,
    "disruption_mass_min_ratio": 0.0007695723995063152,
    "disruption_mass_max_ratio": 0.02892765592452125,
    "disruption_mass_grain_ratio": 0.7073342190775431,
    "fragmentation_on": false,
    "fragmentation_show_individual_lcs": false,
    "fragmentation_entries": [],
    "fragmentation_file_name": "metsim_fragmentation.txt",
    "electron_density_meas_ht": -1000,
    "electron_density_meas_q": -1,
    "erosion_beg_vel": 69168.97084382348,
    "erosion_beg_mass": 2.7238565677324968e-05,
    "erosion_beg_dyn_press": 66.30192157989879,
    "mass_at_erosion_change": 1.7739886477054167e-06,
    "energy_per_cs_before_erosion": null,
    "energy_per_mass_before_erosion": null,
    "main_mass_exhaustion_ht": 102590.794884206,
    "main_bottom_ht": 102590.794884206,
    "noise_lag": 14.084276436922801,
    "noise_lum": 55.01527335933591
}