{
    "dt": 0.005,
    "total_time": 2.5199999999999685,
    "n_active": 0,
    "m_kill": 1e-14,
    "v_kill": 60283.10458445036,
    "h_kill": 94208.61951325888,
    "len_kill": -1000,
    "h_init": 180000,
    "P_0m": 840,
    "dens_co": [
        -275.6549886867087,
        11904.15381948966,
        -210696.39012796214,
        1929909.9298197594,
        -9733889.658144245,
        25742166.84532703,
        -27958361.100167926
    ],
    "r_earth": 6371008.7714,
    "total_fragments": 2865,
    "wake_psf_weights": [
        0.9,
        0.1
    ],
    "wake_psf": [
        3.0,
        20
    ],
    "wake_extension": 200,
    "rho": 247.63263374526014,
    "m_init": 2.888237823150105e-05,
    "v_init": 69192.52868522961,
    "shape_factor": 1.21,
    "sigma": 2.505340157407145e-08,
    "zenith_angle": 1.0421896818079337,
    "gamma": 1.0,
    "rho_grain": 3000,
    "lum_eff_type": 5,
    "lum_eff": 0.7,
    "mu": 3.8180000000000003e-26,
    "erosion_on": true,
    "erosion_bins_per_10mass": 10,
    "erosion_height_start": 123586.43944923468,
    "erosion_coeff": 3.1833638658347054e-07,
    "erosion_height_change": 110570.4918245222,
    "erosion_coeff_change": 1.0751367277043253e-10,
    "erosion_rho_change": 419.79603038750696,
    "erosion_sigma_change": 1.3171273130273888e-08,
    "erosion_grain_distribution": "powerlaw",
    "erosion_mass_index": 2.0261398611475725,
    "erosion_mass_min": 6.267012107835661e-12,
    "erosion_mass_max": 1.8080105908462428e-08,
    "disruption_on": true,
    "compressive_strength": 1679.3225698535573,
    "disruption_height": 102591.77929231379,
    "disruption_erosion_coeff": 3.3e-07,
    "disruption_mass_index": 1.3179633420132675,
    "disruption_mass_min_ratio": 0.0062297811256909474,
    "disruption_mass_max_ratio": 0.01850993364235138,
    "disruption_mass_grain_ratio": 0.8000675893090315,
    "fragmentation_on": false,
    "fragmentation_show_individual_lcs": false,
    "fragmentation_entries": [],
    "fragmentation_file_name": "metsim_fragmentation.txt",
    "electron_density_meas_ht": -1000,
    "electron_density_meas_q": -1,
    "erosion_beg_vel": 69167.45109158757,
    "erosion_beg_mass": 2.7439902459290073e-05,
    "erosion_beg_dyn_press": 68.91348768658058,
    "mass_at_erosion_change": 2.0826738481680755e-06,
    "energy_per_cs_before_erosion": null,
    "energy_per_mass_before_erosion": null,
    "main_mass_exhaustion_ht": 102591.77929231379,
    "main_bottom_ht": 102591.77929231379,
    "noise_lag": 14.080410635024265,
    "noise_lum": 56.71598580993722
}