{
    "dt": 0.005,
    "total_time": 2.5199999999999685,
    "n_active": 0,
    "m_kill": 1e-14,
    "v_kill": 60283.10458445036,
    "h_kill": 94208.61951325888,
    "len_kill": -1000,
    "h_init": 180000,
    "P_0m": 840,
    "dens_co": [
        -275.6549886867087,
        11904.15381948966,
        -210696.39012796214,
        1929909.9298197594,
        -9733889.658144245,
        25742166.84532703,
        -27958361.100167926
    ],
    "r_earth": 6371008.7714,
    "total_fragments": 2963,
    "wake_psf_weights": [
        0.9,
        0.1
    ],
    "wake_psf": [
        3.0,
        20
    ],
    "wake_extension": 200,
    "rho": 252.470522092653,
    "m_init": 2.837563653183968e-05,
    "v_init": 69193.35795507113,
    "shape_factor": 1.21,
    "sigma": 2.2711806890866094e-08,
    "zenith_angle": 1.0421896818079337,
    "gamma": 1.0,
    "rho_grain": 3000,
    "lum_eff_type": 5,
    "lum_eff": 0.7,
    "mu": 3.8180000000000003e-26,
    "erosion_on": true,
    "erosion_bins_per_10mass": 10,
    "erosion_height_start": 123893.12688060092,
    "erosion_coeff": 3.3566106856459917e-07,
    "erosion_height_change": 110623.33535938023,
    "erosion_coeff_change": 4.653735878178024e-11,
    "erosion_rho_change": 450.9365590668262,
    "erosion_sigma_change": 1.0791895932414166e-08,
    "erosion_grain_distribution": "powerlaw",
    "erosion_mass_index": 2.064403936729987,
    "erosion_mass_min": 6.468365550467309e-12,
    "erosion_mass_max": 1.7631123116764845e-08,
    "disruption_on": true,
    "compressive_strength": 1684.3802172847686,
    "disruption_height": 102591.30062233598,
    "disruption_erosion_coeff": 3.3e-07,
    "disruption_mass_index": 1.8703050321052708,
    "disruption_mass_min_ratio": 0.0006013619125821895,
    "disruption_mass_max_ratio": 0.032069697500145586,
    "disruption_mass_grain_ratio": 0.7589826642735658,
    "fragmentation_on": false,
    "fragmentation_show_individual_lcs": false,
    "fragmentation_entries": [],
    "fragmentation_file_name": "metsim_fragmentation.txt",
    "electron_density_meas_ht": -1000,
    "electron_density_meas_q": -1,
    "erosion_beg_vel": 69169.1581019777,
    "erosion_beg_mass": 2.7104542513103445e-05,
    "erosion_beg_dyn_press": 66.303711269414,
    "mass_at_erosion_change": 1.7063023421605292e-06,
    "energy_per_cs_before_erosion": null,
    "energy_per_mass_before_erosion": null,
    "main_mass_exhaustion_ht": 102591.30062233598,
    "main_bottom_ht": 102591.30062233598,
    "noise_lag": 14.161482405481246,
    "noise_lum": 55.09274415625531
}