{
    "dt": 0.005,
    "total_time": 2.5099999999999687,
    "n_active": 0,
    "m_kill": 1e-14,
    "v_kill": 60283.10458445036,
    "h_kill": 94208.61951325888,
    "len_kill": -1000,
    "h_init": 180000,
    "P_0m": 840,
    "dens_co": [
        -275.6549886867087,
        11904.15381948966,
        -210696.39012796214,
        1929909.9298197594,
        -9733889.658144245,
        25742166.84532703,
        -27958361.100167926
    ],
    "r_earth": 6371008.7714,
    "total_fragments": 2500,
    "wake_psf_weights": [
        0.9,
        0.1
    ],
    "wake_psf": [
        3.0,
        20
    ],
    "wake_extension": 200,
    "rho": 608.0057482010225,
    "m_init": 2.741935971902048e-05,
    "v_init": 69168.0467632941,
    "shape_factor": 1.21,
    "sigma": 2.0394155607810587e-08,
    "zenith_angle": 1.0421896818079337,
    "gamma": 1.0,
    "rho_grain": 3000,
    "lum_eff_type": 5,
    "lum_eff": 0.7,
    "mu": 3.8180000000000003e-26,
    "erosion_on": true,
    "erosion_bins_per_10mass": 10,
    "erosion_height_start": 121748.18041390201,
    "erosion_coeff": 8.965978322097652e-07,
    "erosion_height_change": 101140.46583111204,
    "erosion_coeff_change": 1.6139509328117252e-07,
    "erosion_rho_change": 3103.9544611435776,
    "erosion_sigma_change": 3.911134309571687e-08,
    "erosion_grain_distribution": "powerlaw",
    "erosion_mass_index": 2.0820342375707273,
    "erosion_mass_min": 5.226367948210121e-12,
    "erosion_mass_max": 7.682574567106727e-08,
    "disruption_on": true,
    "compressive_strength": 1544.2749683556021,
    "disruption_height": null,
    "disruption_erosion_coeff": 3.3e-07,
    "disruption_mass_index": 2.9736083347915723,
    "disruption_mass_min_ratio": 0.0016817535118538282,
    "disruption_mass_max_ratio": 0.02289893777542872,
    "disruption_mass_grain_ratio": 0.22914948172970603,
    "fragmentation_on": false,
    "fragmentation_show_individual_lcs": false,
    "fragmentation_entries": [],
    "fragmentation_file_name": "metsim_fragmentation.txt",
    "electron_density_meas_ht": -1000,
    "electron_density_meas_q": -1,
    "erosion_beg_vel": 69151.71699494883,
    "erosion_beg_mass": 2.6394300386831066e-05,
    "erosion_beg_dyn_press": 85.76640044862161,
    "mass_at_erosion_change": null,
    "energy_per_cs_before_erosion": null,
    "energy_per_mass_before_erosion": null,
    "main_mass_exhaustion_ht": 107409.7317797279,
    "main_bottom_ht": 107409.7317797279,
    "noise_lag": 25.35817957689554,
    "noise_lum": 70.63486041176058
}