{
    "dt": 0.005,
    "total_time": 2.5199999999999685,
    "n_active": -1,
    "m_kill": 1e-14,
    "v_kill": 60283.10458445036,
    "h_kill": 94208.61951325888,
    "len_kill": -1000,
    "h_init": 180000,
    "P_0m": 840,
    "dens_co": [
        -275.6549886867087,
        11904.15381948966,
        -210696.39012796214,
        1929909.9298197594,
        -9733889.658144245,
        25742166.84532703,
        -27958361.100167926
    ],
    "r_earth": 6371008.7714,
    "total_fragments": 3147,
    "wake_psf_weights": [
        0.9,
        0.1
    ],
    "wake_psf": [
        3.0,
        20
    ],
    "wake_extension": 200,
    "rho": 213.58117752388398,
    "m_init": 2.8190080291286264e-05,
    "v_init": 69199.92019574142,
    "shape_factor": 1.21,
    "sigma": 1.977716771886179e-08,
    "zenith_angle": 1.0421896818079337,
    "gamma": 1.0,
    "rho_grain": 3000,
    "lum_eff_type": 5,
    "lum_eff": 0.7,
    "mu": 3.8180000000000003e-26,
    "erosion_on": true,
    "erosion_bins_per_10mass": 10,
    "erosion_height_start": 123962.38705940689,
    "erosion_coeff": 3.1355581259819744e-07,
    "erosion_height_change": 110594.57022547319,
    "erosion_coeff_change": 1.3325963291636143e-12,
    "erosion_rho_change": 611.3744972419377,
    "erosion_sigma_change": 1.6113288642958023e-08,
    "erosion_grain_distribution": "powerlaw",
    "erosion_mass_index": 2.1019444927960516,
    "erosion_mass_min": 5.445392528798781e-12,
    "erosion_mass_max": 2.8140047323694502e-08,
    "disruption_on": true,
    "compressive_strength": 1680.8542048575582,
    "disruption_height": 102586.25934133865,
    "disruption_erosion_coeff": 3.3e-07,
    "disruption_mass_index": 1.1197197863580906,
    "disruption_mass_min_ratio": 0.00016700657889739777,
    "disruption_mass_max_ratio": 0.08980660393435416,
    "disruption_mass_grain_ratio": 0.5854260666931532,
    "fragmentation_on": false,
    "fragmentation_show_individual_lcs": false,
    "fragmentation_entries": [],
    "fragmentation_file_name": "metsim_fragmentation.txt",
    "electron_density_meas_ht": -1000,
    "electron_density_meas_q": -1,
    "erosion_beg_vel": 69172.79413203515,
    "erosion_beg_mass": 2.6942059495475333e-05,
    "erosion_beg_dyn_press": 66.34570138824937,
    "mass_at_erosion_change": 1.3885970578635564e-06,
    "energy_per_cs_before_erosion": null,
    "energy_per_mass_before_erosion": null,
    "main_mass_exhaustion_ht": 102586.25934133865,
    "main_bottom_ht": 102586.25934133865,
    "noise_lag": 13.425833781041753,
    "noise_lum": 53.6132614321515
}