{
    "dt": 0.005,
    "total_time": 2.5199999999999685,
    "n_active": 0,
    "m_kill": 1e-14,
    "v_kill": 60283.10458445036,
    "h_kill": 94208.61951325888,
    "len_kill": -1000,
    "h_init": 180000,
    "P_0m": 840,
    "dens_co": [
        -275.6549886867087,
        11904.15381948966,
        -210696.39012796214,
        1929909.9298197594,
        -9733889.658144245,
        25742166.84532703,
        -27958361.100167926
    ],
    "r_earth": 6371008.7714,
    "total_fragments": 2879,
    "wake_psf_weights": [
        0.9,
        0.1
    ],
    "wake_psf": [
        3.0,
        20
    ],
    "wake_extension": 200,
    "rho": 248.87359034789915,
    "m_init": 2.842725995281191e-05,
    "v_init": 69193.70309139215,
    "shape_factor": 1.21,
    "sigma": 2.2761716328575278e-08,
    "zenith_angle": 1.0421896818079337,
    "gamma": 1.0,
    "rho_grain": 3000,
    "lum_eff_type": 5,
    "lum_eff": 0.7,
    "mu": 3.8180000000000003e-26,
    "erosion_on": true,
    "erosion_bins_per_10mass": 10,
    "erosion_height_start": 123850.13500894041,
    "erosion_coeff": 3.321526994736061e-07,
    "erosion_height_change": 110608.80024564124,
    "erosion_coeff_change": 2.1329994637908136e-11,
    "erosion_rho_change": 454.4583634462463,
    "erosion_sigma_change": 1.0747341220097549e-08,
    "erosion_grain_distribution": "powerlaw",
    "erosion_mass_index": 2.0613723605693854,
    "erosion_mass_min": 6.32909264055218e-12,
    "erosion_mass_max": 1.7363129895305024e-08,
    "disruption_on": true,
    "compressive_strength": 1684.5058533238728,
    "disruption_height": 102590.89123488641,
    "disruption_erosion_coeff": 3.3e-07,
    "disruption_mass_index": 1.8293149044306758,
    "disruption_mass_min_ratio": 0.0007063527376943175,
    "disruption_mass_max_ratio": 0.02781748654912962,
    "disruption_mass_grain_ratio": 0.7588764512378882,
    "fragmentation_on": false,
    "fragmentation_show_individual_lcs": false,
    "fragmentation_entries": [],
    "fragmentation_file_name": "metsim_fragmentation.txt",
    "electron_density_meas_ht": -1000,
    "electron_density_meas_q": -1,
    "erosion_beg_vel": 69168.93989264035,
    "erosion_beg_mass": 2.712364853489469e-05,
    "erosion_beg_dyn_press": 67.59785757284092,
    "mass_at_erosion_change": 1.7465909659673077e-06,
    "energy_per_cs_before_erosion": null,
    "energy_per_mass_before_erosion": null,
    "main_mass_exhaustion_ht": 102590.89123488641,
    "main_bottom_ht": 102590.89123488641,
    "noise_lag": 14.099900645493971,
    "noise_lum": 54.90140186267483
}