{
    "dt": 0.005,
    "total_time": 2.5249999999999684,
    "n_active": -1,
    "m_kill": 1e-14,
    "v_kill": 60283.10458445036,
    "h_kill": 94208.61951325888,
    "len_kill": -1000,
    "h_init": 180000,
    "P_0m": 840,
    "dens_co": [
        -275.6549886867087,
        11904.15381948966,
        -210696.39012796214,
        1929909.9298197594,
        -9733889.658144245,
        25742166.84532703,
        -27958361.100167926
    ],
    "r_earth": 6371008.7714,
    "total_fragments": 2712,
    "wake_psf_weights": [
        0.9,
        0.1
    ],
    "wake_psf": [
        3.0,
        20
    ],
    "wake_extension": 200,
    "rho": 459.43320289593134,
    "m_init": 2.783057080242835e-05,
    "v_init": 69123.84221735524,
    "shape_factor": 1.21,
    "sigma": 2.3246590050286766e-08,
    "zenith_angle": 1.0421896818079337,
    "gamma": 1.0,
    "rho_grain": 3000,
    "lum_eff_type": 5,
    "lum_eff": 0.7,
    "mu": 3.8180000000000003e-26,
    "erosion_on": true,
    "erosion_bins_per_10mass": 10,
    "erosion_height_start": 122936.22586888152,
    "erosion_coeff": 6.978388036795413e-07,
    "erosion_height_change": 110881.87980509232,
    "erosion_coeff_change": 6.2354067065647236e-09,
    "erosion_rho_change": 1321.8403167590216,
    "erosion_sigma_change": 1.1710968399549239e-08,
    "erosion_grain_distribution": "powerlaw",
    "erosion_mass_index": 2.09493672016056,
    "erosion_mass_min": 1.7043114318155278e-11,
    "erosion_mass_max": 3.665871296022755e-08,
    "disruption_on": true,
    "compressive_strength": 1580.5593953964683,
    "disruption_height": 102988.76892213717,
    "disruption_erosion_coeff": 3.3e-07,
    "disruption_mass_index": 2.0433798648430175,
    "disruption_mass_min_ratio": 0.0010212312290634007,
    "disruption_mass_max_ratio": 0.014806171187512644,
    "disruption_mass_grain_ratio": 0.4431797784020085,
    "fragmentation_on": false,
    "fragmentation_show_individual_lcs": false,
    "fragmentation_entries": [],
    "fragmentation_file_name": "metsim_fragmentation.txt",
    "electron_density_meas_ht": -1000,
    "electron_density_meas_q": -1,
    "erosion_beg_vel": 69106.2011660271,
    "erosion_beg_mass": 2.672600843086401e-05,
    "erosion_beg_dyn_press": 73.96429468441617,
    "mass_at_erosion_change": 4.879985993534787e-07,
    "energy_per_cs_before_erosion": null,
    "energy_per_mass_before_erosion": null,
    "main_mass_exhaustion_ht": 102988.76892213717,
    "main_bottom_ht": 102988.76892213717,
    "noise_lag": 20.728423450749073,
    "noise_lum": 64.76307546505578
}