{
    "dt": 0.005,
    "total_time": 2.534999999999968,
    "n_active": -1,
    "m_kill": 1e-14,
    "v_kill": 60283.10458445036,
    "h_kill": 94208.61951325888,
    "len_kill": -1000,
    "h_init": 180000,
    "P_0m": 840,
    "dens_co": [
        -275.6549886867087,
        11904.15381948966,
        -210696.39012796214,
        1929909.9298197594,
        -9733889.658144245,
        25742166.84532703,
        -27958361.100167926
    ],
    "r_earth": 6371008.7714,
    "total_fragments": 1575,
    "wake_psf_weights": [
        0.9,
        0.1
    ],
    "wake_psf": [
        3.0,
        20
    ],
    "wake_extension": 200,
    "rho": 190.90993427003065,
    "m_init": 2.5869704230925805e-05,
    "v_init": 69005.70434779042,
    "shape_factor": 1.21,
    "sigma": 1.0143677832649798e-08,
    "zenith_angle": 1.0421896818079337,
    "gamma": 1.0,
    "rho_grain": 3000,
    "lum_eff_type": 5,
    "lum_eff": 0.7,
    "mu": 3.8180000000000003e-26,
    "erosion_on": true,
    "erosion_bins_per_10mass": 10,
    "erosion_height_start": 122029.45249300472,
    "erosion_coeff": 3.7479141894005616e-07,
    "erosion_height_change": 113408.187861457,
    "erosion_coeff_change": 6.237271728656523e-12,
    "erosion_rho_change": 3421.037766982215,
    "erosion_sigma_change": 2.5356055699028146e-09,
    "erosion_grain_distribution": "powerlaw",
    "erosion_mass_index": 2.6588751396939694,
    "erosion_mass_min": 6.0264921840279536e-12,
    "erosion_mass_max": 8.799272818034146e-08,
    "disruption_on": true,
    "compressive_strength": 1170.916378115901,
    "disruption_height": 104624.22068792059,
    "disruption_erosion_coeff": 3.3e-07,
    "disruption_mass_index": 1.9168246143438177,
    "disruption_mass_min_ratio": 0.0007739630627645037,
    "disruption_mass_max_ratio": 0.008227276705384106,
    "disruption_mass_grain_ratio": 0.2932336685560377,
    "fragmentation_on": false,
    "fragmentation_show_individual_lcs": false,
    "fragmentation_entries": [],
    "fragmentation_file_name": "metsim_fragmentation.txt",
    "electron_density_meas_ht": -1000,
    "electron_density_meas_q": -1,
    "erosion_beg_vel": 68970.65987299547,
    "erosion_beg_mass": 2.4910226085144204e-05,
    "erosion_beg_dyn_press": 82.17724132151213,
    "mass_at_erosion_change": 4.687953721984151e-06,
    "energy_per_cs_before_erosion": null,
    "energy_per_mass_before_erosion": null,
    "main_mass_exhaustion_ht": 104624.22068792059,
    "main_bottom_ht": 104624.22068792059,
    "noise_lag": 29.310093993062505,
    "noise_lum": 70.40021760168104
}