{
    "dt": 0.005,
    "total_time": 2.5199999999999685,
    "n_active": 0,
    "m_kill": 1e-14,
    "v_kill": 60283.10458445036,
    "h_kill": 94208.61951325888,
    "len_kill": -1000,
    "h_init": 180000,
    "P_0m": 840,
    "dens_co": [
        -275.6549886867087,
        11904.15381948966,
        -210696.39012796214,
        1929909.9298197594,
        -9733889.658144245,
        25742166.84532703,
        -27958361.100167926
    ],
    "r_earth": 6371008.7714,
    "total_fragments": 2994,
    "wake_psf_weights": [
        0.9,
        0.1
    ],
    "wake_psf": [
        3.0,
        20
    ],
    "wake_extension": 200,
    "wake_heights": null,
    "rho": 215.18832680601128,
    "m_init": 2.7647366869631355e-05,
    "v_init": 69197.42839308694,
    "shape_factor": 1.21,
    "sigma": 1.9462936735017518e-08,
    "zenith_angle": 1.0421896818079337,
    "gamma": 1.0,
    "rho_grain": 3000,
    "lum_eff_type": 5,
    "lum_eff": 0.7,
    "mu": 3.8180000000000003e-26,
    "erosion_on": true,
    "erosion_bins_per_10mass": 10,
    "erosion_height_start": 124484.91900402492,
    "erosion_coeff": 3.042055759836925e-07,
    "erosion_height_change": 110392.2335756748,
    "erosion_coeff_change": 4.476005890358673e-11,
    "erosion_rho_change": 662.6496412215257,
    "erosion_sigma_change": 1.1608333354887728e-08,
    "erosion_grain_distribution": "powerlaw",
    "erosion_mass_index": 2.1107378036474875,
    "erosion_mass_min": 5.6834207316131535e-12,
    "erosion_mass_max": 1.8942871641916244e-08,
    "disruption_on": true,
    "compressive_strength": 1672.5455116096332,
    "disruption_height": 102588.74948413155,
    "disruption_erosion_coeff": 3.3e-07,
    "disruption_mass_index": 1.45431509132379,
    "disruption_mass_min_ratio": 0.001436458438078825,
    "disruption_mass_max_ratio": 0.016590404758326325,
    "disruption_mass_grain_ratio": 0.8562389369244345,
    "fragmentation_on": false,
    "fragmentation_show_individual_lcs": false,
    "fragmentation_entries": [],
    "fragmentation_file_name": "metsim_fragmentation.txt",
    "electron_density_meas_ht": -1000,
    "electron_density_meas_q": -1,
    "erosion_beg_vel": 69171.37039200347,
    "erosion_beg_mass": 2.6495019566088458e-05,
    "erosion_beg_dyn_press": 62.63750293295622,
    "mass_at_erosion_change": 1.2733684953173901e-06,
    "energy_per_cs_before_erosion": null,
    "energy_per_mass_before_erosion": null,
    "main_mass_exhaustion_ht": 102588.74948413155,
    "main_bottom_ht": 102588.74948413155,
    "noise_lag": 13.609310781095786,
    "noise_lum": 56.86761679748348
}