{
    "dt": 0.005,
    "total_time": 2.44999999999997,
    "n_active": -1,
    "m_kill": 1e-14,
    "v_kill": 60283.10458445036,
    "h_kill": 94208.61951325888,
    "len_kill": -1000,
    "h_init": 180000,
    "P_0m": 840,
    "dens_co": [
        -275.6549886867087,
        11904.15381948966,
        -210696.39012796214,
        1929909.9298197594,
        -9733889.658144245,
        25742166.84532703,
        -27958361.100167926
    ],
    "r_earth": 6371008.7714,
    "total_fragments": 2460,
    "wake_psf_weights": [
        0.9,
        0.1
    ],
    "wake_psf": [
        3.0,
        20
    ],
    "wake_extension": 200,
    "rho": 494.3574476169003,
    "m_init": 2.7743616805752295e-05,
    "v_init": 69135.84216750167,
    "shape_factor": 1.21,
    "sigma": 2.61220755758054e-08,
    "zenith_angle": 1.0421896818079337,
    "gamma": 1.0,
    "rho_grain": 3000,
    "lum_eff_type": 5,
    "lum_eff": 0.7,
    "mu": 3.8180000000000003e-26,
    "erosion_on": true,
    "erosion_bins_per_10mass": 10,
    "erosion_height_start": 123058.84961729431,
    "erosion_coeff": 6.456018834889941e-07,
    "erosion_height_change": 109266.35282611962,
    "erosion_coeff_change": 3.259098353670619e-09,
    "erosion_rho_change": 1607.488297110857,
    "erosion_sigma_change": 1.6172780968098868e-08,
    "erosion_grain_distribution": "powerlaw",
    "erosion_mass_index": 2.1398663144615244,
    "erosion_mass_min": 1.8205523268176848e-11,
    "erosion_mass_max": 3.2594806461950924e-08,
    "disruption_on": true,
    "compressive_strength": 1534.162428992322,
    "disruption_height": 102989.4100878725,
    "disruption_erosion_coeff": 3.3e-07,
    "disruption_mass_index": 2.045281073149566,
    "disruption_mass_min_ratio": 0.0008199394811347844,
    "disruption_mass_max_ratio": 0.016452981580335493,
    "disruption_mass_grain_ratio": 0.44809472096380093,
    "fragmentation_on": false,
    "fragmentation_show_individual_lcs": false,
    "fragmentation_entries": [],
    "fragmentation_file_name": "metsim_fragmentation.txt",
    "electron_density_meas_ht": -1000,
    "electron_density_meas_q": -1,
    "erosion_beg_vel": 69119.24223564746,
    "erosion_beg_mass": 2.664194241891105e-05,
    "erosion_beg_dyn_press": 72.62278803032162,
    "mass_at_erosion_change": 3.0546793942083635e-08,
    "energy_per_cs_before_erosion": null,
    "energy_per_mass_before_erosion": null,
    "main_mass_exhaustion_ht": 102989.4100878725,
    "main_bottom_ht": 102989.4100878725,
    "noise_lag": 20.511196616501557,
    "noise_lum": 66.21433958745372
}