{
    "dt": 0.005,
    "total_time": 2.404999999999971,
    "n_active": 0,
    "m_kill": 1e-14,
    "v_kill": 60283.10458445036,
    "h_kill": 94208.61951325888,
    "len_kill": -1000,
    "h_init": 180000,
    "P_0m": 840,
    "dens_co": [
        -275.6549886867087,
        11904.15381948966,
        -210696.39012796214,
        1929909.9298197594,
        -9733889.658144245,
        25742166.84532703,
        -27958361.100167926
    ],
    "r_earth": 6371008.7714,
    "total_fragments": 809,
    "wake_psf_weights": [
        0.9,
        0.1
    ],
    "wake_psf": [
        3.0,
        20
    ],
    "wake_extension": 200,
    "rho": 2138.533258442056,
    "m_init": 0.00010565335995862623,
    "v_init": 69323.17372586853,
    "shape_factor": 1.21,
    "sigma": 2.4166006658809062e-08,
    "zenith_angle": 1.0421896818079337,
    "gamma": 1.0,
    "rho_grain": 3000,
    "lum_eff_type": 5,
    "lum_eff": 0.7,
    "mu": 3.8180000000000003e-26,
    "erosion_on": true,
    "erosion_bins_per_10mass": 10,
    "erosion_height_start": 122504.26803577173,
    "erosion_coeff": 1.0436277653644997e-09,
    "erosion_height_change": 109240.60046712466,
    "erosion_coeff_change": 8.733040662705117e-10,
    "erosion_rho_change": 2083.1349671080993,
    "erosion_sigma_change": 2.511835590089779e-08,
    "erosion_grain_distribution": "powerlaw",
    "erosion_mass_index": 1.980924704955226,
    "erosion_mass_min": 6.648517115881381e-11,
    "erosion_mass_max": 2.993024738234493e-09,
    "disruption_on": true,
    "compressive_strength": 1548.5826306036527,
    "disruption_height": 103079.40521842499,
    "disruption_erosion_coeff": 3.3e-07,
    "disruption_mass_index": 1.8108991284299765,
    "disruption_mass_min_ratio": 0.005201969194483096,
    "disruption_mass_max_ratio": 0.0015056334771247199,
    "disruption_mass_grain_ratio": 0.5471568556455884,
    "fragmentation_on": false,
    "fragmentation_show_individual_lcs": false,
    "fragmentation_entries": [],
    "fragmentation_file_name": "metsim_fragmentation.txt",
    "electron_density_meas_ht": -1000,
    "electron_density_meas_q": -1,
    "erosion_beg_vel": 69318.96718385669,
    "erosion_beg_mass": 0.00010490522007325203,
    "erosion_beg_dyn_press": 79.00718421937849,
    "mass_at_erosion_change": 0.00010242431931960585,
    "energy_per_cs_before_erosion": null,
    "energy_per_mass_before_erosion": null,
    "main_mass_exhaustion_ht": 103079.40521842499,
    "main_bottom_ht": 103079.40521842499,
    "noise_lag": 22.171784434509828,
    "noise_lum": 3.016182663526829
}