{
    "dt": 0.005,
    "total_time": 2.5199999999999685,
    "n_active": 0,
    "m_kill": 1e-14,
    "v_kill": 60283.10458445036,
    "h_kill": 94208.61951325888,
    "len_kill": -1000,
    "h_init": 180000,
    "P_0m": 840,
    "dens_co": [
        -275.6549886867087,
        11904.15381948966,
        -210696.39012796214,
        1929909.9298197594,
        -9733889.658144245,
        25742166.84532703,
        -27958361.100167926
    ],
    "r_earth": 6371008.7714,
    "total_fragments": 2887,
    "wake_psf_weights": [
        0.9,
        0.1
    ],
    "wake_psf": [
        3.0,
        20
    ],
    "wake_extension": 200,
    "wake_heights": null,
    "rho": 222.8597662509183,
    "m_init": 2.864793474976746e-05,
    "v_init": 69200.37260587397,
    "shape_factor": 1.21,
    "sigma": 2.23823817768536e-08,
    "zenith_angle": 1.0421896818079337,
    "gamma": 1.0,
    "rho_grain": 3000,
    "lum_eff_type": 5,
    "lum_eff": 0.7,
    "mu": 3.8180000000000003e-26,
    "erosion_on": true,
    "erosion_bins_per_10mass": 10,
    "erosion_height_start": 124167.56483979004,
    "erosion_coeff": 2.9849416534445907e-07,
    "erosion_height_change": 110590.16803237202,
    "erosion_coeff_change": 1.2873286116306155e-12,
    "erosion_rho_change": 438.9960244177357,
    "erosion_sigma_change": 1.0699506336947613e-08,
    "erosion_grain_distribution": "powerlaw",
    "erosion_mass_index": 2.0559377465210096,
    "erosion_mass_min": 5.515665102542397e-12,
    "erosion_mass_max": 1.5988986250063833e-08,
    "disruption_on": true,
    "compressive_strength": 1686.3955481721446,
    "disruption_height": 102585.64670169874,
    "disruption_erosion_coeff": 3.3e-07,
    "disruption_mass_index": 2.159297015043942,
    "disruption_mass_min_ratio": 0.002874491639372375,
    "disruption_mass_max_ratio": 0.28402769167803427,
    "disruption_mass_grain_ratio": 0.9633168890521928,
    "fragmentation_on": false,
    "fragmentation_show_individual_lcs": false,
    "fragmentation_entries": [],
    "fragmentation_file_name": "metsim_fragmentation.txt",
    "electron_density_meas_ht": -1000,
    "electron_density_meas_q": -1,
    "erosion_beg_vel": 69174.49186384889,
    "erosion_beg_mass": 2.7319847491394036e-05,
    "erosion_beg_dyn_press": 65.0912322312349,
    "mass_at_erosion_change": 1.9152872128471493e-06,
    "energy_per_cs_before_erosion": null,
    "energy_per_mass_before_erosion": null,
    "main_mass_exhaustion_ht": 102585.64670169874,
    "main_bottom_ht": 102585.64670169874,
    "noise_lag": 13.953784781449377,
    "noise_lum": 54.668879937098545
}