{
    "dt": 0.005,
    "total_time": 2.5199999999999685,
    "n_active": 0,
    "m_kill": 1e-14,
    "v_kill": 60283.10458445036,
    "h_kill": 94208.61951325888,
    "len_kill": -1000,
    "h_init": 180000,
    "P_0m": 840,
    "dens_co": [
        -275.6549886867087,
        11904.15381948966,
        -210696.39012796214,
        1929909.9298197594,
        -9733889.658144245,
        25742166.84532703,
        -27958361.100167926
    ],
    "r_earth": 6371008.7714,
    "total_fragments": 2864,
    "wake_psf_weights": [
        0.9,
        0.1
    ],
    "wake_psf": [
        3.0,
        20
    ],
    "wake_extension": 200,
    "wake_heights": null,
    "rho": 246.09065011631375,
    "m_init": 2.8391921516429106e-05,
    "v_init": 69194.12999853605,
    "shape_factor": 1.21,
    "sigma": 2.2456989285352685e-08,
    "zenith_angle": 1.0421896818079337,
    "gamma": 1.0,
    "rho_grain": 3000,
    "lum_eff_type": 5,
    "lum_eff": 0.7,
    "mu": 3.8180000000000003e-26,
    "erosion_on": true,
    "erosion_bins_per_10mass": 10,
    "erosion_height_start": 123839.37894351047,
    "erosion_coeff": 3.304972616222753e-07,
    "erosion_height_change": 110602.2869436563,
    "erosion_coeff_change": 9.080751821129512e-12,
    "erosion_rho_change": 458.70049755091514,
    "erosion_sigma_change": 1.081580458439126e-08,
    "erosion_grain_distribution": "powerlaw",
    "erosion_mass_index": 2.065657187113174,
    "erosion_mass_min": 6.194061168761864e-12,
    "erosion_mass_max": 1.7417841150013247e-08,
    "disruption_on": true,
    "compressive_strength": 1683.6434307081015,
    "disruption_height": 102590.65385829663,
    "disruption_erosion_coeff": 3.3e-07,
    "disruption_mass_index": 1.807442600463905,
    "disruption_mass_min_ratio": 0.0006716083598775928,
    "disruption_mass_max_ratio": 0.03299612171928165,
    "disruption_mass_grain_ratio": 0.7673992063255362,
    "fragmentation_on": false,
    "fragmentation_show_individual_lcs": false,
    "fragmentation_entries": [],
    "fragmentation_file_name": "metsim_fragmentation.txt",
    "electron_density_meas_ht": -1000,
    "electron_density_meas_q": -1,
    "erosion_beg_vel": 69169.1700164102,
    "erosion_beg_mass": 2.7095186004552862e-05,
    "erosion_beg_dyn_press": 67.60064108334026,
    "mass_at_erosion_change": 1.726483033987084e-06,
    "energy_per_cs_before_erosion": null,
    "energy_per_mass_before_erosion": null,
    "main_mass_exhaustion_ht": 102590.65385829663,
    "main_bottom_ht": 102590.65385829663,
    "noise_lag": 14.065255778994143,
    "noise_lum": 54.9724896305887
}