{
    "dt": 0.005,
    "total_time": 2.5249999999999684,
    "n_active": 0,
    "m_kill": 1e-14,
    "v_kill": 60283.10458445036,
    "h_kill": 94208.61951325888,
    "len_kill": -1000,
    "h_init": 180000,
    "P_0m": 840,
    "dens_co": [
        -275.6549886867087,
        11904.15381948966,
        -210696.39012796214,
        1929909.9298197594,
        -9733889.658144245,
        25742166.84532703,
        -27958361.100167926
    ],
    "r_earth": 6371008.7714,
    "total_fragments": 2491,
    "wake_psf_weights": [
        0.9,
        0.1
    ],
    "wake_psf": [
        3.0,
        20
    ],
    "wake_extension": 200,
    "rho": 496.5763461400409,
    "m_init": 2.6204917436008692e-05,
    "v_init": 69089.188139941,
    "shape_factor": 1.21,
    "sigma": 2.0648786014779405e-08,
    "zenith_angle": 1.0421896818079337,
    "gamma": 1.0,
    "rho_grain": 3000,
    "lum_eff_type": 5,
    "lum_eff": 0.7,
    "mu": 3.8180000000000003e-26,
    "erosion_on": true,
    "erosion_bins_per_10mass": 10,
    "erosion_height_start": 121981.15311532925,
    "erosion_coeff": 7.126140519140469e-07,
    "erosion_height_change": 111370.99044576628,
    "erosion_coeff_change": 1.061469235071641e-09,
    "erosion_rho_change": 2442.365674043544,
    "erosion_sigma_change": 9.350525469362232e-09,
    "erosion_grain_distribution": "powerlaw",
    "erosion_mass_index": 2.129033290777154,
    "erosion_mass_min": 1.284666347214591e-11,
    "erosion_mass_max": 3.233622744451006e-08,
    "disruption_on": true,
    "compressive_strength": 1680.1737193587787,
    "disruption_height": 102683.56738145206,
    "disruption_erosion_coeff": 3.3e-07,
    "disruption_mass_index": 1.9168758251695854,
    "disruption_mass_min_ratio": 0.00014716445538176182,
    "disruption_mass_max_ratio": 0.016317737406288575,
    "disruption_mass_grain_ratio": 0.3521020401562112,
    "fragmentation_on": false,
    "fragmentation_show_individual_lcs": false,
    "fragmentation_entries": [],
    "fragmentation_file_name": "metsim_fragmentation.txt",
    "electron_density_meas_ht": -1000,
    "electron_density_meas_q": -1,
    "erosion_beg_vel": 69070.60662024358,
    "erosion_beg_mass": 2.517747685914309e-05,
    "erosion_beg_dyn_press": 83.14350777896767,
    "mass_at_erosion_change": 1.0691266097515977e-06,
    "energy_per_cs_before_erosion": null,
    "energy_per_mass_before_erosion": null,
    "main_mass_exhaustion_ht": 102683.56738145206,
    "main_bottom_ht": 102683.56738145206,
    "noise_lag": 25.02551368262878,
    "noise_lum": 66.11701777966037
}