{
    "dt": 0.005,
    "total_time": 2.394999999999971,
    "n_active": 0,
    "m_kill": 1e-14,
    "v_kill": 60283.10458445036,
    "h_kill": 94208.61951325888,
    "len_kill": -1000,
    "h_init": 180000,
    "P_0m": 840,
    "dens_co": [
        -275.6549886867087,
        11904.15381948966,
        -210696.39012796214,
        1929909.9298197594,
        -9733889.658144245,
        25742166.84532703,
        -27958361.100167926
    ],
    "r_earth": 6371008.7714,
    "total_fragments": 746,
    "wake_psf_weights": [
        0.9,
        0.1
    ],
    "wake_psf": [
        3.0,
        20
    ],
    "wake_extension": 200,
    "rho": 1979.208965040418,
    "m_init": 0.00010491546506283497,
    "v_init": 69338.02376187747,
    "shape_factor": 1.21,
    "sigma": 2.543976725883649e-08,
    "zenith_angle": 1.0421896818079337,
    "gamma": 1.0,
    "rho_grain": 3000,
    "lum_eff_type": 5,
    "lum_eff": 0.7,
    "mu": 3.8180000000000003e-26,
    "erosion_on": true,
    "erosion_bins_per_10mass": 10,
    "erosion_height_start": 122480.35781235567,
    "erosion_coeff": 1.0491737217216845e-09,
    "erosion_height_change": 109268.22212919463,
    "erosion_coeff_change": 7.229923564878652e-10,
    "erosion_rho_change": 2163.9716226171054,
    "erosion_sigma_change": 2.549060291307137e-08,
    "erosion_grain_distribution": "powerlaw",
    "erosion_mass_index": 2.002824771492421,
    "erosion_mass_min": 8.13565758335129e-11,
    "erosion_mass_max": 2.347865332795145e-09,
    "disruption_on": true,
    "compressive_strength": 1599.70274322232,
    "disruption_height": 102894.96161500468,
    "disruption_erosion_coeff": 3.3e-07,
    "disruption_mass_index": 1.6868800377116635,
    "disruption_mass_min_ratio": 0.00586519348734497,
    "disruption_mass_max_ratio": 0.0015355727181160625,
    "disruption_mass_grain_ratio": 0.5568410331643123,
    "fragmentation_on": false,
    "fragmentation_show_individual_lcs": false,
    "fragmentation_entries": [],
    "fragmentation_file_name": "metsim_fragmentation.txt",
    "electron_density_meas_ht": -1000,
    "electron_density_meas_q": -1,
    "erosion_beg_vel": 69333.57604911187,
    "erosion_beg_mass": 0.00010408907437133719,
    "erosion_beg_dyn_press": 79.15499780580062,
    "mass_at_erosion_change": 0.00010135330550183274,
    "energy_per_cs_before_erosion": null,
    "energy_per_mass_before_erosion": null,
    "main_mass_exhaustion_ht": 102894.96161500468,
    "main_bottom_ht": 102894.96161500468,
    "noise_lag": 20.048524321468413,
    "noise_lum": 2.7980176788797406
}