{
    "dt": 0.005,
    "total_time": 2.5199999999999685,
    "n_active": -1,
    "m_kill": 1e-14,
    "v_kill": 60283.10458445036,
    "h_kill": 94208.61951325888,
    "len_kill": -1000,
    "h_init": 180000,
    "P_0m": 840,
    "dens_co": [
        -275.6549886867087,
        11904.15381948966,
        -210696.39012796214,
        1929909.9298197594,
        -9733889.658144245,
        25742166.84532703,
        -27958361.100167926
    ],
    "r_earth": 6371008.7714,
    "total_fragments": 1308,
    "wake_psf_weights": [
        0.9,
        0.1
    ],
    "wake_psf": [
        3.0,
        20
    ],
    "wake_extension": 200,
    "rho": 549.4711259792107,
    "m_init": 1.0327146759229286e-05,
    "v_init": 68808.42481032532,
    "shape_factor": 1.21,
    "sigma": 1.6714023633829094e-08,
    "zenith_angle": 1.0421896818079337,
    "gamma": 1.0,
    "rho_grain": 3000,
    "lum_eff_type": 5,
    "lum_eff": 0.7,
    "mu": 3.8180000000000003e-26,
    "erosion_on": true,
    "erosion_bins_per_10mass": 10,
    "erosion_height_start": 121050.42412810629,
    "erosion_coeff": 4.1955325043138386e-09,
    "erosion_height_change": 107288.88460415605,
    "erosion_coeff_change": 6.068649227629246e-07,
    "erosion_rho_change": 1957.2044639780006,
    "erosion_sigma_change": 1.1869987619572833e-08,
    "erosion_grain_distribution": "powerlaw",
    "erosion_mass_index": 2.7519681907026854,
    "erosion_mass_min": 4.4565230449787304e-11,
    "erosion_mass_max": 7.59439960695497e-09,
    "disruption_on": true,
    "compressive_strength": 1535.1769000917593,
    "disruption_height": 103159.51353013371,
    "disruption_erosion_coeff": 3.3e-07,
    "disruption_mass_index": 1.9598977179414607,
    "disruption_mass_min_ratio": 0.0018239075724178135,
    "disruption_mass_max_ratio": 0.03731334389108063,
    "disruption_mass_grain_ratio": 0.7709943859022894,
    "fragmentation_on": false,
    "fragmentation_show_individual_lcs": false,
    "fragmentation_entries": [],
    "fragmentation_file_name": "metsim_fragmentation.txt",
    "electron_density_meas_ht": -1000,
    "electron_density_meas_q": -1,
    "erosion_beg_vel": 68782.74722474616,
    "erosion_beg_mass": 1.0025176703725521e-05,
    "erosion_beg_dyn_press": 92.67614594451207,
    "mass_at_erosion_change": 8.628333033758897e-06,
    "energy_per_cs_before_erosion": null,
    "energy_per_mass_before_erosion": null,
    "main_mass_exhaustion_ht": 103159.51353013371,
    "main_bottom_ht": 103159.51353013371,
    "noise_lag": 34.68099294739271,
    "noise_lum": 16.197288492991387
}