{
    "dt": 0.005,
    "total_time": 2.5199999999999685,
    "n_active": 0,
    "m_kill": 1e-14,
    "v_kill": 60283.10458445036,
    "h_kill": 94208.61951325888,
    "len_kill": -1000,
    "h_init": 180000,
    "P_0m": 840,
    "dens_co": [
        -275.6549886867087,
        11904.15381948966,
        -210696.39012796214,
        1929909.9298197594,
        -9733889.658144245,
        25742166.84532703,
        -27958361.100167926
    ],
    "r_earth": 6371008.7714,
    "total_fragments": 3000,
    "wake_psf_weights": [
        0.9,
        0.1
    ],
    "wake_psf": [
        3.0,
        20
    ],
    "wake_extension": 200,
    "rho": 207.40900804626824,
    "m_init": 2.8540998381270795e-05,
    "v_init": 69198.82954371543,
    "shape_factor": 1.21,
    "sigma": 2.241575291911564e-08,
    "zenith_angle": 1.0421896818079337,
    "gamma": 1.0,
    "rho_grain": 3000,
    "lum_eff_type": 5,
    "lum_eff": 0.7,
    "mu": 3.8180000000000003e-26,
    "erosion_on": true,
    "erosion_bins_per_10mass": 10,
    "erosion_height_start": 123779.0272107524,
    "erosion_coeff": 2.933664212688564e-07,
    "erosion_height_change": 110532.46903070208,
    "erosion_coeff_change": 3.547810065660977e-11,
    "erosion_rho_change": 532.3911125596917,
    "erosion_sigma_change": 1.2051585452956035e-08,
    "erosion_grain_distribution": "powerlaw",
    "erosion_mass_index": 2.0405703395285673,
    "erosion_mass_min": 5.4052270008118276e-12,
    "erosion_mass_max": 1.4729628448783657e-08,
    "disruption_on": true,
    "compressive_strength": 1665.372955420638,
    "disruption_height": 102587.76244408241,
    "disruption_erosion_coeff": 3.3e-07,
    "disruption_mass_index": 1.2440087857758775,
    "disruption_mass_min_ratio": 0.0005345479865890506,
    "disruption_mass_max_ratio": 0.0423938606321702,
    "disruption_mass_grain_ratio": 0.8097192215321415,
    "fragmentation_on": false,
    "fragmentation_show_individual_lcs": false,
    "fragmentation_entries": [],
    "fragmentation_file_name": "metsim_fragmentation.txt",
    "electron_density_meas_ht": -1000,
    "electron_density_meas_q": -1,
    "erosion_beg_vel": 69170.8707304091,
    "erosion_beg_mass": 2.711400152658002e-05,
    "erosion_beg_dyn_press": 67.62838332922136,
    "mass_at_erosion_change": 1.7043154476866385e-06,
    "energy_per_cs_before_erosion": null,
    "energy_per_mass_before_erosion": null,
    "main_mass_exhaustion_ht": 102587.76244408241,
    "main_bottom_ht": 102587.76244408241,
    "noise_lag": 13.629352803073377,
    "noise_lum": 58.11892713999738
}