{
    "dt": 0.005,
    "total_time": 2.5249999999999684,
    "n_active": -1,
    "m_kill": 1e-14,
    "v_kill": 60283.10458445036,
    "h_kill": 94208.61951325888,
    "len_kill": -1000,
    "h_init": 180000,
    "P_0m": 840,
    "dens_co": [
        -275.6549886867087,
        11904.15381948966,
        -210696.39012796214,
        1929909.9298197594,
        -9733889.658144245,
        25742166.84532703,
        -27958361.100167926
    ],
    "r_earth": 6371008.7714,
    "total_fragments": 2290,
    "wake_psf_weights": [
        0.9,
        0.1
    ],
    "wake_psf": [
        3.0,
        20
    ],
    "wake_extension": 200,
    "rho": 496.4458548748234,
    "m_init": 2.6596796762350688e-05,
    "v_init": 69097.95258363972,
    "shape_factor": 1.21,
    "sigma": 2.366000614463289e-08,
    "zenith_angle": 1.0421896818079337,
    "gamma": 1.0,
    "rho_grain": 3000,
    "lum_eff_type": 5,
    "lum_eff": 0.7,
    "mu": 3.8180000000000003e-26,
    "erosion_on": true,
    "erosion_bins_per_10mass": 10,
    "erosion_height_start": 121888.20951181353,
    "erosion_coeff": 6.185205597480973e-07,
    "erosion_height_change": 110587.24258595899,
    "erosion_coeff_change": 1.7349041472268064e-09,
    "erosion_rho_change": 2290.174644533089,
    "erosion_sigma_change": 1.2725085490239678e-08,
    "erosion_grain_distribution": "powerlaw",
    "erosion_mass_index": 2.2655739394009182,
    "erosion_mass_min": 1.7365561350217557e-11,
    "erosion_mass_max": 2.6989904836345653e-08,
    "disruption_on": true,
    "compressive_strength": 1538.3913804106146,
    "disruption_height": 103176.51583153503,
    "disruption_erosion_coeff": 3.3e-07,
    "disruption_mass_index": 1.8513779759322104,
    "disruption_mass_min_ratio": 0.00033507507257114733,
    "disruption_mass_max_ratio": 0.017839850253807406,
    "disruption_mass_grain_ratio": 0.40954881272653176,
    "fragmentation_on": false,
    "fragmentation_show_individual_lcs": false,
    "fragmentation_entries": [],
    "fragmentation_file_name": "metsim_fragmentation.txt",
    "electron_density_meas_ht": -1000,
    "electron_density_meas_q": -1,
    "erosion_beg_vel": 69079.156640506,
    "erosion_beg_mass": 2.5485921679456495e-05,
    "erosion_beg_dyn_press": 84.97355003884506,
    "mass_at_erosion_change": 1.1610095795682982e-06,
    "energy_per_cs_before_erosion": null,
    "energy_per_mass_before_erosion": null,
    "main_mass_exhaustion_ht": 103176.51583153503,
    "main_bottom_ht": 103176.51583153503,
    "noise_lag": 24.730120090872113,
    "noise_lum": 71.26652509245066
}