{
    "dt": 0.005,
    "total_time": 2.5199999999999685,
    "n_active": 0,
    "m_kill": 1e-14,
    "v_kill": 60283.10458445036,
    "h_kill": 94208.61951325888,
    "len_kill": -1000,
    "h_init": 180000,
    "P_0m": 840,
    "dens_co": [
        -275.6549886867087,
        11904.15381948966,
        -210696.39012796214,
        1929909.9298197594,
        -9733889.658144245,
        25742166.84532703,
        -27958361.100167926
    ],
    "r_earth": 6371008.7714,
    "total_fragments": 2947,
    "wake_psf_weights": [
        0.9,
        0.1
    ],
    "wake_psf": [
        3.0,
        20
    ],
    "wake_extension": 200,
    "rho": 260.30821429813545,
    "m_init": 2.8497666136643867e-05,
    "v_init": 69191.7564761589,
    "shape_factor": 1.21,
    "sigma": 2.3105461704680764e-08,
    "zenith_angle": 1.0421896818079337,
    "gamma": 1.0,
    "rho_grain": 3000,
    "lum_eff_type": 5,
    "lum_eff": 0.7,
    "mu": 3.8180000000000003e-26,
    "erosion_on": true,
    "erosion_bins_per_10mass": 10,
    "erosion_height_start": 123904.73754543226,
    "erosion_coeff": 3.398778169974164e-07,
    "erosion_height_change": 110637.69623520697,
    "erosion_coeff_change": 5.2434921253360605e-11,
    "erosion_rho_change": 461.54168002591445,
    "erosion_sigma_change": 1.09445001297667e-08,
    "erosion_grain_distribution": "powerlaw",
    "erosion_mass_index": 2.064925519968518,
    "erosion_mass_min": 6.845531026541569e-12,
    "erosion_mass_max": 1.935903376300415e-08,
    "disruption_on": true,
    "compressive_strength": 1684.1636644619489,
    "disruption_height": 102591.75397729762,
    "disruption_erosion_coeff": 3.3e-07,
    "disruption_mass_index": 1.916919504345565,
    "disruption_mass_min_ratio": 0.0007217674687565783,
    "disruption_mass_max_ratio": 0.027226997142668657,
    "disruption_mass_grain_ratio": 0.7022562168850123,
    "fragmentation_on": false,
    "fragmentation_show_individual_lcs": false,
    "fragmentation_entries": [],
    "fragmentation_file_name": "metsim_fragmentation.txt",
    "electron_density_meas_ht": -1000,
    "electron_density_meas_q": -1,
    "erosion_beg_vel": 69168.08287155477,
    "erosion_beg_mass": 2.7228074701486493e-05,
    "erosion_beg_dyn_press": 66.29281976434076,
    "mass_at_erosion_change": 1.7873505480781282e-06,
    "energy_per_cs_before_erosion": null,
    "energy_per_mass_before_erosion": null,
    "main_mass_exhaustion_ht": 102591.75397729762,
    "main_bottom_ht": 102591.75397729762,
    "noise_lag": 14.163941848228983,
    "noise_lum": 55.09031879568504
}