{
    "dt": 0.005,
    "total_time": 2.5199999999999685,
    "n_active": 0,
    "m_kill": 1e-14,
    "v_kill": 60283.10458445036,
    "h_kill": 94208.61951325888,
    "len_kill": -1000,
    "h_init": 180000,
    "P_0m": 840,
    "dens_co": [
        -275.6549886867087,
        11904.15381948966,
        -210696.39012796214,
        1929909.9298197594,
        -9733889.658144245,
        25742166.84532703,
        -27958361.100167926
    ],
    "r_earth": 6371008.7714,
    "total_fragments": 2910,
    "wake_psf_weights": [
        0.9,
        0.1
    ],
    "wake_psf": [
        3.0,
        20
    ],
    "wake_extension": 200,
    "rho": 255.53178722362475,
    "m_init": 2.8534977367229014e-05,
    "v_init": 69192.5579167202,
    "shape_factor": 1.21,
    "sigma": 2.3148159169069134e-08,
    "zenith_angle": 1.0421896818079337,
    "gamma": 1.0,
    "rho_grain": 3000,
    "lum_eff_type": 5,
    "lum_eff": 0.7,
    "mu": 3.8180000000000003e-26,
    "erosion_on": true,
    "erosion_bins_per_10mass": 10,
    "erosion_height_start": 123869.79399101845,
    "erosion_coeff": 3.3559165105495503e-07,
    "erosion_height_change": 110623.26730921476,
    "erosion_coeff_change": 3.2451137121508365e-11,
    "erosion_rho_change": 462.6909766945776,
    "erosion_sigma_change": 1.0885453276365225e-08,
    "erosion_grain_distribution": "powerlaw",
    "erosion_mass_index": 2.0609517672988384,
    "erosion_mass_min": 6.6695193521086684e-12,
    "erosion_mass_max": 1.8998725496688158e-08,
    "disruption_on": true,
    "compressive_strength": 1684.556258692243,
    "disruption_height": 102591.22221992628,
    "disruption_erosion_coeff": 3.3e-07,
    "disruption_mass_index": 1.875360532306489,
    "disruption_mass_min_ratio": 0.0008063109503882991,
    "disruption_mass_max_ratio": 0.025187059001094945,
    "disruption_mass_grain_ratio": 0.7049649645427238,
    "fragmentation_on": false,
    "fragmentation_show_individual_lcs": false,
    "fragmentation_entries": [],
    "fragmentation_file_name": "metsim_fragmentation.txt",
    "electron_density_meas_ht": -1000,
    "electron_density_meas_q": -1,
    "erosion_beg_vel": 69168.59681558043,
    "erosion_beg_mass": 2.7249362174341224e-05,
    "erosion_beg_dyn_press": 66.2981881169856,
    "mass_at_erosion_change": 1.7852217338307727e-06,
    "energy_per_cs_before_erosion": null,
    "energy_per_mass_before_erosion": null,
    "main_mass_exhaustion_ht": 102591.22221992628,
    "main_bottom_ht": 102591.22221992628,
    "noise_lag": 14.106534852341301,
    "noise_lum": 54.96165341362687
}