{
    "dt": 0.005,
    "total_time": 2.5299999999999683,
    "n_active": -1,
    "m_kill": 1e-14,
    "v_kill": 60283.10458445036,
    "h_kill": 94208.61951325888,
    "len_kill": -1000,
    "h_init": 180000,
    "P_0m": 840,
    "dens_co": [
        -275.6549886867087,
        11904.15381948966,
        -210696.39012796214,
        1929909.9298197594,
        -9733889.658144245,
        25742166.84532703,
        -27958361.100167926
    ],
    "r_earth": 6371008.7714,
    "total_fragments": 6889,
    "wake_psf_weights": [
        0.9,
        0.1
    ],
    "wake_psf": [
        3.0,
        20
    ],
    "wake_extension": 200,
    "rho": 509.36496004701155,
    "m_init": 7.038044195063797e-05,
    "v_init": 69265.51968982907,
    "shape_factor": 1.21,
    "sigma": 1.6463372836672367e-08,
    "zenith_angle": 1.0421896818079337,
    "gamma": 1.0,
    "rho_grain": 3000,
    "lum_eff_type": 5,
    "lum_eff": 0.7,
    "mu": 3.8180000000000003e-26,
    "erosion_on": true,
    "erosion_bins_per_10mass": 10,
    "erosion_height_start": 120188.12789801971,
    "erosion_coeff": 5.8154743732375644e-08,
    "erosion_height_change": 113544.62383284859,
    "erosion_coeff_change": 1.6521660989437556e-09,
    "erosion_rho_change": 185.3458195745,
    "erosion_sigma_change": 2.201734211454502e-09,
    "erosion_grain_distribution": "powerlaw",
    "erosion_mass_index": 1.3136718224923425,
    "erosion_mass_min": 3.701801983250551e-11,
    "erosion_mass_max": 9.249342445934792e-10,
    "disruption_on": true,
    "compressive_strength": 1234.7950930403329,
    "disruption_height": 104333.64853775442,
    "disruption_erosion_coeff": 3.3e-07,
    "disruption_mass_index": 1.3237797702456535,
    "disruption_mass_min_ratio": 0.00015131366718034128,
    "disruption_mass_max_ratio": 0.21401930448345455,
    "disruption_mass_grain_ratio": 0.8549257114300918,
    "fragmentation_on": false,
    "fragmentation_show_individual_lcs": false,
    "fragmentation_entries": [],
    "fragmentation_file_name": "metsim_fragmentation.txt",
    "electron_density_meas_ht": -1000,
    "electron_density_meas_q": -1,
    "erosion_beg_vel": 69249.99542887945,
    "erosion_beg_mass": 6.907511546266274e-05,
    "erosion_beg_dyn_press": 105.31881257501473,
    "mass_at_erosion_change": 6.38067062198038e-05,
    "energy_per_cs_before_erosion": null,
    "energy_per_mass_before_erosion": null,
    "main_mass_exhaustion_ht": 104333.64853775442,
    "main_bottom_ht": 104333.64853775442,
    "noise_lag": 20.914922463312436,
    "noise_lum": 4.3174156216975845
}