{
    "dt": 0.005,
    "total_time": 2.5149999999999686,
    "n_active": -1,
    "m_kill": 1e-14,
    "v_kill": 60710.3739091391,
    "h_kill": 94679.6927498665,
    "len_kill": -1000,
    "h_init": 180000,
    "P_0m": 840,
    "dens_co": [
        -291.032772956153,
        12600.637209265456,
        -223713.53175712778,
        2058441.014640561,
        -10441211.37977466,
        27799648.929502405,
        -30430559.879267063
    ],
    "r_earth": 6371008.7714,
    "total_fragments": 856,
    "wake_psf_weights": [
        0.9,
        0.1
    ],
    "wake_psf": [
        3.0,
        20
    ],
    "wake_extension": 200,
    "rho": 3391.4776763478662,
    "m_init": 6.221292501408256e-05,
    "v_init": 68844.14881488585,
    "shape_factor": 1.21,
    "sigma": 2.0857684668542954e-08,
    "zenith_angle": 1.0420814630719812,
    "gamma": 1.0,
    "rho_grain": 3391.4776763478662,
    "lum_eff_type": 5,
    "lum_eff": 0.7,
    "mu": 3.8180000000000003e-26,
    "erosion_on": true,
    "erosion_bins_per_10mass": 10,
    "erosion_height_start": 116475.14347443556,
    "erosion_coeff": 1.6338787805725077e-10,
    "erosion_height_change": 1,
    "erosion_coeff_change": 3.3e-07,
    "erosion_rho_change": 3700,
    "erosion_sigma_change": 2.3e-08,
    "erosion_grain_distribution": "powerlaw",
    "erosion_mass_index": 2.1414125793268166,
    "erosion_mass_min": 3.191344640106211e-10,
    "erosion_mass_max": 3.771478834856647e-09,
    "disruption_on": true,
    "compressive_strength": 0.21192983879038693,
    "disruption_height": 179826.37339208703,
    "disruption_erosion_coeff": 3.3e-07,
    "disruption_mass_index": 1.5535237803188515,
    "disruption_mass_min_ratio": 2.810759348742807e-05,
    "disruption_mass_max_ratio": 0.006120259443731613,
    "disruption_mass_grain_ratio": 0.25735984404839646,
    "fragmentation_on": false,
    "fragmentation_show_individual_lcs": false,
    "fragmentation_entries": [],
    "fragmentation_file_name": "metsim_fragmentation.txt",
    "electron_density_meas_ht": -1000,
    "electron_density_meas_q": -1,
    "erosion_beg_vel": null,
    "erosion_beg_mass": null,
    "erosion_beg_dyn_press": null,
    "mass_at_erosion_change": null,
    "energy_per_cs_before_erosion": null,
    "energy_per_mass_before_erosion": null,
    "main_mass_exhaustion_ht": 179826.37339208703,
    "main_bottom_ht": 179826.37339208703,
    "noise_lag": 24.514542067010105,
    "noise_lum": 4.86740823669866
}