{
    "dt": 0.005,
    "total_time": 2.5149999999999686,
    "n_active": -1,
    "m_kill": 1e-14,
    "v_kill": 60710.3739091391,
    "h_kill": 94679.6927498665,
    "len_kill": -1000,
    "h_init": 180000,
    "P_0m": 840,
    "dens_co": [
        -291.032772956153,
        12600.637209265456,
        -223713.53175712778,
        2058441.014640561,
        -10441211.37977466,
        27799648.929502405,
        -30430559.879267063
    ],
    "r_earth": 6371008.7714,
    "total_fragments": 852,
    "wake_psf_weights": [
        0.9,
        0.1
    ],
    "wake_psf": [
        3.0,
        20
    ],
    "wake_extension": 200,
    "rho": 3392.8432256106244,
    "m_init": 6.226451091376407e-05,
    "v_init": 68844.22086098717,
    "shape_factor": 1.21,
    "sigma": 2.086749493309655e-08,
    "zenith_angle": 1.0420814630719812,
    "gamma": 1.0,
    "rho_grain": 3392.8432256106244,
    "lum_eff_type": 5,
    "lum_eff": 0.7,
    "mu": 3.8180000000000003e-26,
    "erosion_on": true,
    "erosion_bins_per_10mass": 10,
    "erosion_height_start": 116475.47671263726,
    "erosion_coeff": 1.6380396335080635e-10,
    "erosion_height_change": 1,
    "erosion_coeff_change": 3.3e-07,
    "erosion_rho_change": 3700,
    "erosion_sigma_change": 2.3e-08,
    "erosion_grain_distribution": "powerlaw",
    "erosion_mass_index": 2.1415177915808012,
    "erosion_mass_min": 3.1929874151300303e-10,
    "erosion_mass_max": 3.781872623196944e-09,
    "disruption_on": true,
    "compressive_strength": 0.21210087549314313,
    "disruption_height": 179826.37321038972,
    "disruption_erosion_coeff": 3.3e-07,
    "disruption_mass_index": 1.554110534645176,
    "disruption_mass_min_ratio": 2.8155751820776005e-05,
    "disruption_mass_max_ratio": 0.006123715340639458,
    "disruption_mass_grain_ratio": 0.2574688074134386,
    "fragmentation_on": false,
    "fragmentation_show_individual_lcs": false,
    "fragmentation_entries": [],
    "fragmentation_file_name": "metsim_fragmentation.txt",
    "electron_density_meas_ht": -1000,
    "electron_density_meas_q": -1,
    "erosion_beg_vel": null,
    "erosion_beg_mass": null,
    "erosion_beg_dyn_press": null,
    "mass_at_erosion_change": null,
    "energy_per_cs_before_erosion": null,
    "energy_per_mass_before_erosion": null,
    "main_mass_exhaustion_ht": 179826.37321038972,
    "main_bottom_ht": 179826.37321038972,
    "noise_lag": 24.516238479624164,
    "noise_lum": 4.867806142492368
}