{
    "dt": 0.005,
    "total_time": 1.3999999999999921,
    "n_active": 0,
    "m_kill": 1e-14,
    "v_kill": 60710.3739091391,
    "h_kill": 94679.6927498665,
    "len_kill": -1000,
    "h_init": 180000,
    "P_0m": 840,
    "dens_co": [
        -291.032772956153,
        12600.637209265456,
        -223713.53175712778,
        2058441.014640561,
        -10441211.37977466,
        27799648.929502405,
        -30430559.879267063
    ],
    "r_earth": 6371008.7714,
    "total_fragments": 10,
    "wake_psf_weights": [
        0.9,
        0.1
    ],
    "wake_psf": [
        3.0,
        20
    ],
    "wake_extension": 200,
    "rho": 377.633817582819,
    "m_init": 0.00015659698105080928,
    "v_init": 69086.72407007881,
    "shape_factor": 1.21,
    "sigma": 2.6384737542373166e-08,
    "zenith_angle": 1.0420814630719812,
    "gamma": 1.0,
    "rho_grain": 3000,
    "lum_eff_type": 5,
    "lum_eff": 0.7,
    "mu": 3.8180000000000003e-26,
    "erosion_on": true,
    "erosion_bins_per_10mass": 10,
    "erosion_height_start": 121631.15754676147,
    "erosion_coeff": 4.792466998783902e-11,
    "erosion_height_change": 1,
    "erosion_coeff_change": 3.3e-07,
    "erosion_rho_change": 3700,
    "erosion_sigma_change": 2.3e-08,
    "erosion_grain_distribution": "powerlaw",
    "erosion_mass_index": 1.8113330511128887,
    "erosion_mass_min": 2.0570464531291142e-10,
    "erosion_mass_max": 2.2628846668862608e-10,
    "disruption_on": true,
    "compressive_strength": 2.155063455195335,
    "disruption_height": 179825.76164559144,
    "disruption_erosion_coeff": 3.3e-07,
    "disruption_mass_index": 1.9491104569306996,
    "disruption_mass_min_ratio": 2.1160524465650194e-05,
    "disruption_mass_max_ratio": 0.000114993522912788,
    "disruption_mass_grain_ratio": 0.053925182381152945,
    "fragmentation_on": false,
    "fragmentation_show_individual_lcs": false,
    "fragmentation_entries": [],
    "fragmentation_file_name": "metsim_fragmentation.txt",
    "electron_density_meas_ht": -1000,
    "electron_density_meas_q": -1,
    "erosion_beg_vel": null,
    "erosion_beg_mass": null,
    "erosion_beg_dyn_press": null,
    "mass_at_erosion_change": null,
    "energy_per_cs_before_erosion": null,
    "energy_per_mass_before_erosion": null,
    "main_mass_exhaustion_ht": 179825.76164559144,
    "main_bottom_ht": 179825.76164559144,
    "noise_lag": 44.85195232032145,
    "noise_lum": 6.077480547384219
}