{
    "dt": 0.005,
    "total_time": 1.4849999999999903,
    "n_active": 0,
    "m_kill": 1e-14,
    "v_kill": 60710.3739091391,
    "h_kill": 94679.6927498665,
    "len_kill": -1000,
    "h_init": 180000,
    "P_0m": 840,
    "dens_co": [
        -291.032772956153,
        12600.637209265456,
        -223713.53175712778,
        2058441.014640561,
        -10441211.37977466,
        27799648.929502405,
        -30430559.879267063
    ],
    "r_earth": 6371008.7714,
    "total_fragments": 9,
    "wake_psf_weights": [
        0.9,
        0.1
    ],
    "wake_psf": [
        3.0,
        20
    ],
    "wake_extension": 200,
    "rho": 767.4459045235866,
    "m_init": 7.825842089461612e-05,
    "v_init": 69090.42444428749,
    "shape_factor": 1.21,
    "sigma": 2.4666131674484232e-08,
    "zenith_angle": 1.0420814630719812,
    "gamma": 1.0,
    "rho_grain": 3000,
    "lum_eff_type": 5,
    "lum_eff": 0.7,
    "mu": 3.8180000000000003e-26,
    "erosion_on": true,
    "erosion_bins_per_10mass": 10,
    "erosion_height_start": 120561.43061456847,
    "erosion_coeff": 6.831416213791351e-10,
    "erosion_height_change": 1,
    "erosion_coeff_change": 3.3e-07,
    "erosion_rho_change": 3700,
    "erosion_sigma_change": 2.3e-08,
    "erosion_grain_distribution": "powerlaw",
    "erosion_mass_index": 2.059466186929648,
    "erosion_mass_min": 3.725821108853532e-10,
    "erosion_mass_max": 4.2409766123540276e-10,
    "disruption_on": true,
    "compressive_strength": 1.1910481622670868,
    "disruption_height": 179825.75231043118,
    "disruption_erosion_coeff": 3.3e-07,
    "disruption_mass_index": 1.8558680399137288,
    "disruption_mass_min_ratio": 2.8332247679450038e-05,
    "disruption_mass_max_ratio": 0.0001390346780806729,
    "disruption_mass_grain_ratio": 0.32937314428961173,
    "fragmentation_on": false,
    "fragmentation_show_individual_lcs": false,
    "fragmentation_entries": [],
    "fragmentation_file_name": "metsim_fragmentation.txt",
    "electron_density_meas_ht": -1000,
    "electron_density_meas_q": -1,
    "erosion_beg_vel": null,
    "erosion_beg_mass": null,
    "erosion_beg_dyn_press": null,
    "mass_at_erosion_change": null,
    "energy_per_cs_before_erosion": null,
    "energy_per_mass_before_erosion": null,
    "main_mass_exhaustion_ht": 179825.75231043118,
    "main_bottom_ht": 179825.75231043118,
    "noise_lag": 45.72350872546551,
    "noise_lum": 8.312442676720568
}