{
    "dt": 0.005,
    "total_time": 2.399999999999971,
    "n_active": 0,
    "m_kill": 1e-14,
    "v_kill": 60267.264220098565,
    "h_kill": 94267.10730590133,
    "len_kill": -1000,
    "h_init": 180000,
    "P_0m": 840,
    "dens_co": [
        -277.0329904987022,
        11966.056187769465,
        -211845.83491991207,
        1941204.4839591298,
        -9795835.410978291,
        25921980.10132555,
        -28174197.456865687
    ],
    "r_earth": 6371008.7714,
    "total_fragments": 210,
    "wake_psf_weights": [
        0.9,
        0.1
    ],
    "wake_psf": [
        3.0,
        20
    ],
    "wake_extension": 200,
    "rho": 396.29230797564816,
    "m_init": 5.764195410456055e-05,
    "v_init": 69418.02905527466,
    "shape_factor": 1.21,
    "sigma": 2.4917846108314665e-08,
    "zenith_angle": 1.0412959082119353,
    "gamma": 1.0,
    "rho_grain": 3000,
    "lum_eff_type": 5,
    "lum_eff": 0.7,
    "mu": 3.8180000000000003e-26,
    "erosion_on": true,
    "erosion_bins_per_10mass": 10,
    "erosion_height_start": 120365.1218587994,
    "erosion_coeff": 2.5895232762194684e-10,
    "erosion_height_change": 1,
    "erosion_coeff_change": 3.3e-07,
    "erosion_rho_change": 3700,
    "erosion_sigma_change": 2.3e-08,
    "erosion_grain_distribution": "powerlaw",
    "erosion_mass_index": 2.410034528702101,
    "erosion_mass_min": 5.3185902148973114e-11,
    "erosion_mass_max": 1.4485903283097857e-08,
    "disruption_on": true,
    "compressive_strength": 0.0027940110451176213,
    "disruption_height": 179824.6907443419,
    "disruption_erosion_coeff": 3.3e-07,
    "disruption_mass_index": 1.9463746741376426,
    "disruption_mass_min_ratio": 0.0008162384629823532,
    "disruption_mass_max_ratio": 0.000819728052116939,
    "disruption_mass_grain_ratio": 0.6112198414766304,
    "fragmentation_on": false,
    "fragmentation_show_individual_lcs": false,
    "fragmentation_entries": [],
    "fragmentation_file_name": "metsim_fragmentation.txt",
    "electron_density_meas_ht": -1000,
    "electron_density_meas_q": -1,
    "erosion_beg_vel": null,
    "erosion_beg_mass": null,
    "erosion_beg_dyn_press": null,
    "mass_at_erosion_change": null,
    "energy_per_cs_before_erosion": null,
    "energy_per_mass_before_erosion": null,
    "main_mass_exhaustion_ht": 179824.6907443419,
    "main_bottom_ht": 179824.6907443419,
    "noise_lag": 8.564222775409451,
    "noise_lum": 2.449746597964496
}