{
    "dt": 0.005,
    "total_time": 2.504999999999969,
    "n_active": -1,
    "m_kill": 1e-14,
    "v_kill": 60717.04888874259,
    "h_kill": 94689.91948644235,
    "len_kill": -1000,
    "h_init": 180000,
    "P_0m": 840,
    "dens_co": [
        -291.38874731224575,
        12616.765540518005,
        -224015.03572290676,
        2061418.3741878255,
        -10457596.07922114,
        27847304.73653484,
        -30487811.645384707
    ],
    "r_earth": 6371008.7714,
    "total_fragments": 3376,
    "wake_psf_weights": [
        0.9,
        0.1
    ],
    "wake_psf": [
        3.0,
        20
    ],
    "wake_extension": 200,
    "rho": 3897.34167228138,
    "m_init": 0.00017792554624510525,
    "v_init": 69457.79414807445,
    "shape_factor": 1.21,
    "sigma": 5.189963594069106e-09,
    "zenith_angle": 1.0422335653956494,
    "gamma": 1.0,
    "rho_grain": 3897.34167228138,
    "lum_eff_type": 5,
    "lum_eff": 0.7,
    "mu": 3.8180000000000003e-26,
    "erosion_on": true,
    "erosion_bins_per_10mass": 10,
    "erosion_height_start": 121913.75763671988,
    "erosion_coeff": 9.432262803672099e-07,
    "erosion_height_change": 1,
    "erosion_coeff_change": 3.3e-07,
    "erosion_rho_change": 3700,
    "erosion_sigma_change": 2.3e-08,
    "erosion_grain_distribution": "powerlaw",
    "erosion_mass_index": 2.426153667609274,
    "erosion_mass_min": 6.722117422144493e-12,
    "erosion_mass_max": 2.9908741600446983e-09,
    "disruption_on": true,
    "compressive_strength": 2437.2767312792944,
    "disruption_height": 100744.23988589036,
    "disruption_erosion_coeff": 3.3e-07,
    "disruption_mass_index": 2.891337269817562,
    "disruption_mass_min_ratio": 1.288647778384335e-05,
    "disruption_mass_max_ratio": 1.0219245337187933e-05,
    "disruption_mass_grain_ratio": 0.4570540282263863,
    "fragmentation_on": false,
    "fragmentation_show_individual_lcs": false,
    "fragmentation_entries": [],
    "fragmentation_file_name": "metsim_fragmentation.txt",
    "electron_density_meas_ht": -1000,
    "electron_density_meas_q": -1,
    "erosion_beg_vel": 69455.30597635584,
    "erosion_beg_mass": 0.00017733219504829424,
    "erosion_beg_dyn_press": 85.38973954412128,
    "mass_at_erosion_change": null,
    "energy_per_cs_before_erosion": null,
    "energy_per_mass_before_erosion": null,
    "main_mass_exhaustion_ht": 100744.23988589036,
    "main_bottom_ht": 100744.23988589036,
    "noise_lag": 29.57621549204039,
    "noise_lum": 3.008214716924992
}