{
    "dt": 0.005,
    "total_time": 2.5149999999999686,
    "n_active": 0,
    "m_kill": 1e-14,
    "v_kill": 60717.04888874259,
    "h_kill": 94689.91948644235,
    "len_kill": -1000,
    "h_init": 180000,
    "P_0m": 840,
    "dens_co": [
        -291.38874731224575,
        12616.765540518005,
        -224015.03572290676,
        2061418.3741878255,
        -10457596.07922114,
        27847304.73653484,
        -30487811.645384707
    ],
    "r_earth": 6371008.7714,
    "total_fragments": 2205,
    "wake_psf_weights": [
        0.9,
        0.1
    ],
    "wake_psf": [
        3.0,
        20
    ],
    "wake_extension": 200,
    "rho": 1142.2211321637378,
    "m_init": 6.746622406223409e-05,
    "v_init": 68874.69252828715,
    "shape_factor": 1.21,
    "sigma": 2.940778496866771e-08,
    "zenith_angle": 1.0422335653956494,
    "gamma": 1.0,
    "rho_grain": 3000,
    "lum_eff_type": 5,
    "lum_eff": 0.7,
    "mu": 3.8180000000000003e-26,
    "erosion_on": true,
    "erosion_bins_per_10mass": 10,
    "erosion_height_start": 123197.97647213574,
    "erosion_coeff": 4.732801726650112e-07,
    "erosion_height_change": 113201.16192860974,
    "erosion_coeff_change": 1.2728589510828143e-10,
    "erosion_rho_change": 2693.291546628597,
    "erosion_sigma_change": 1.9482182261684454e-08,
    "erosion_grain_distribution": "powerlaw",
    "erosion_mass_index": 2.0641530627342535,
    "erosion_mass_min": 2.440018183470794e-11,
    "erosion_mass_max": 3.000591010309836e-08,
    "disruption_on": false,
    "compressive_strength": 2000,
    "disruption_height": null,
    "disruption_erosion_coeff": 3.3e-07,
    "disruption_mass_index": 2.0,
    "disruption_mass_min_ratio": 0.01,
    "disruption_mass_max_ratio": 0.1,
    "disruption_mass_grain_ratio": 0.25,
    "fragmentation_on": false,
    "fragmentation_show_individual_lcs": false,
    "fragmentation_entries": [],
    "fragmentation_file_name": "metsim_fragmentation.txt",
    "electron_density_meas_ht": -1000,
    "electron_density_meas_q": -1,
    "erosion_beg_vel": 68867.71865978396,
    "erosion_beg_mass": 6.630355419999429e-05,
    "erosion_beg_dyn_press": 71.6654754402397,
    "mass_at_erosion_change": 4.285833756208887e-05,
    "energy_per_cs_before_erosion": null,
    "energy_per_mass_before_erosion": null,
    "main_mass_exhaustion_ht": 94567.79535676075,
    "main_bottom_ht": 94567.79535676075,
    "noise_lag": 25.796107727762934,
    "noise_lum": 77.49681060292225
}