{
    "dt": 0.005,
    "total_time": 2.5149999999999686,
    "n_active": 0,
    "m_kill": 1e-14,
    "v_kill": 60717.04888874259,
    "h_kill": 94689.91948644235,
    "len_kill": -1000,
    "h_init": 180000,
    "P_0m": 840,
    "dens_co": [
        -291.38874731224575,
        12616.765540518005,
        -224015.03572290676,
        2061418.3741878255,
        -10457596.07922114,
        27847304.73653484,
        -30487811.645384707
    ],
    "r_earth": 6371008.7714,
    "total_fragments": 2087,
    "wake_psf_weights": [
        0.9,
        0.1
    ],
    "wake_psf": [
        3.0,
        20
    ],
    "wake_extension": 200,
    "rho": 1054.2297305188392,
    "m_init": 5.710282410031989e-05,
    "v_init": 68874.7842584031,
    "shape_factor": 1.21,
    "sigma": 2.8913525787136406e-08,
    "zenith_angle": 1.0422335653956494,
    "gamma": 1.0,
    "rho_grain": 3000,
    "lum_eff_type": 5,
    "lum_eff": 0.7,
    "mu": 3.8180000000000003e-26,
    "erosion_on": true,
    "erosion_bins_per_10mass": 10,
    "erosion_height_start": 122855.89540201561,
    "erosion_coeff": 5.590706820622969e-07,
    "erosion_height_change": 113297.51429702302,
    "erosion_coeff_change": 1.1356401626676232e-10,
    "erosion_rho_change": 2945.183852648141,
    "erosion_sigma_change": 1.5959536755119026e-08,
    "erosion_grain_distribution": "powerlaw",
    "erosion_mass_index": 2.0745719019024773,
    "erosion_mass_min": 2.6300049959983143e-11,
    "erosion_mass_max": 3.5421790959797534e-08,
    "disruption_on": false,
    "compressive_strength": 2000,
    "disruption_height": null,
    "disruption_erosion_coeff": 3.3e-07,
    "disruption_mass_index": 2.0,
    "disruption_mass_min_ratio": 0.01,
    "disruption_mass_max_ratio": 0.1,
    "disruption_mass_grain_ratio": 0.25,
    "fragmentation_on": false,
    "fragmentation_show_individual_lcs": false,
    "fragmentation_entries": [],
    "fragmentation_file_name": "metsim_fragmentation.txt",
    "electron_density_meas_ht": -1000,
    "electron_density_meas_q": -1,
    "erosion_beg_vel": 68866.77671292784,
    "erosion_beg_mass": 5.595024736681734e-05,
    "erosion_beg_dyn_press": 74.55570925572916,
    "mass_at_erosion_change": 3.1565826818640775e-05,
    "energy_per_cs_before_erosion": null,
    "energy_per_mass_before_erosion": null,
    "main_mass_exhaustion_ht": 94569.34693280766,
    "main_bottom_ht": 94569.34693280766,
    "noise_lag": 25.799487443444377,
    "noise_lum": 72.83652246147787
}