{
    "dt": 0.005,
    "total_time": 1.035,
    "n_active": 0,
    "m_kill": 1e-14,
    "v_kill": 60316.69603517995,
    "h_kill": 94265.19699473889,
    "len_kill": -1000,
    "h_init": 180000,
    "P_0m": 840,
    "dens_co": [
        -276.9519122623045,
        11962.355592097394,
        -211776.21409649303,
        1940513.235327049,
        -9792013.920497172,
        25910822.194568872,
        -28160749.50320772
    ],
    "r_earth": 6371008.7714,
    "total_fragments": 7,
    "wake_psf_weights": [
        0.9,
        0.1
    ],
    "wake_psf": [
        3.0,
        20
    ],
    "wake_extension": 200,
    "rho": 386.1805634081179,
    "m_init": 5.335900669111322e-05,
    "v_init": 68943.79609598947,
    "shape_factor": 1.21,
    "sigma": 1.5029465438676313e-08,
    "zenith_angle": 1.0420019029585341,
    "gamma": 1.0,
    "rho_grain": 3000,
    "lum_eff_type": 5,
    "lum_eff": 0.7,
    "mu": 3.8180000000000003e-26,
    "erosion_on": true,
    "erosion_bins_per_10mass": 10,
    "erosion_height_start": 120797.1044045673,
    "erosion_coeff": 1.07643290172008e-08,
    "erosion_height_change": 1,
    "erosion_coeff_change": 3.3e-07,
    "erosion_rho_change": 3700,
    "erosion_sigma_change": 2.3e-08,
    "erosion_grain_distribution": "powerlaw",
    "erosion_mass_index": 1.5368527059435468,
    "erosion_mass_min": 5.324231816996105e-10,
    "erosion_mass_max": 6.630650065273417e-10,
    "disruption_on": true,
    "compressive_strength": 6.320929961581479,
    "disruption_height": 158023.27559543957,
    "disruption_erosion_coeff": 3.3e-07,
    "disruption_mass_index": 1.1471531051932742,
    "disruption_mass_min_ratio": 2.2676812414760934e-05,
    "disruption_mass_max_ratio": 6.584592231911704e-05,
    "disruption_mass_grain_ratio": 0.9151435513628136,
    "fragmentation_on": false,
    "fragmentation_show_individual_lcs": false,
    "fragmentation_entries": [],
    "fragmentation_file_name": "metsim_fragmentation.txt",
    "electron_density_meas_ht": -1000,
    "electron_density_meas_q": -1,
    "erosion_beg_vel": null,
    "erosion_beg_mass": null,
    "erosion_beg_dyn_press": null,
    "mass_at_erosion_change": null,
    "energy_per_cs_before_erosion": null,
    "energy_per_mass_before_erosion": null,
    "main_mass_exhaustion_ht": 158023.27559543957,
    "main_bottom_ht": 158023.27559543957,
    "noise_lag": 61.44551653760497,
    "noise_lum": 10.33260055386353
}