{
    "dt": 0.005,
    "total_time": 1.5399999999999892,
    "n_active": 0,
    "m_kill": 1e-14,
    "v_kill": 60316.69603517995,
    "h_kill": 94265.19699473889,
    "len_kill": -1000,
    "h_init": 180000,
    "P_0m": 840,
    "dens_co": [
        -276.9519122623045,
        11962.355592097394,
        -211776.21409649303,
        1940513.235327049,
        -9792013.920497172,
        25910822.194568872,
        -28160749.50320772
    ],
    "r_earth": 6371008.7714,
    "total_fragments": 9,
    "wake_psf_weights": [
        0.9,
        0.1
    ],
    "wake_psf": [
        3.0,
        20
    ],
    "wake_extension": 200,
    "rho": 1295.4044170251839,
    "m_init": 5.418506215389113e-05,
    "v_init": 69050.21053147483,
    "shape_factor": 1.21,
    "sigma": 2.38621663796566e-08,
    "zenith_angle": 1.0420019029585341,
    "gamma": 1.0,
    "rho_grain": 3000,
    "lum_eff_type": 5,
    "lum_eff": 0.7,
    "mu": 3.8180000000000003e-26,
    "erosion_on": true,
    "erosion_bins_per_10mass": 10,
    "erosion_height_start": 119860.38738341615,
    "erosion_coeff": 1.47664099879834e-09,
    "erosion_height_change": 1,
    "erosion_coeff_change": 3.3e-07,
    "erosion_rho_change": 3700,
    "erosion_sigma_change": 2.3e-08,
    "erosion_grain_distribution": "powerlaw",
    "erosion_mass_index": 2.1334626958288943,
    "erosion_mass_min": 3.0133148780458774e-10,
    "erosion_mass_max": 3.3691231862403424e-10,
    "disruption_on": true,
    "compressive_strength": 1.3422820392897856,
    "disruption_height": 179825.83000689148,
    "disruption_erosion_coeff": 3.3e-07,
    "disruption_mass_index": 2.0938336368773043,
    "disruption_mass_min_ratio": 3.51238387521461e-05,
    "disruption_mass_max_ratio": 0.00014225936201567907,
    "disruption_mass_grain_ratio": 0.5137152703978382,
    "fragmentation_on": false,
    "fragmentation_show_individual_lcs": false,
    "fragmentation_entries": [],
    "fragmentation_file_name": "metsim_fragmentation.txt",
    "electron_density_meas_ht": -1000,
    "electron_density_meas_q": -1,
    "erosion_beg_vel": null,
    "erosion_beg_mass": null,
    "erosion_beg_dyn_press": null,
    "mass_at_erosion_change": null,
    "energy_per_cs_before_erosion": null,
    "energy_per_mass_before_erosion": null,
    "main_mass_exhaustion_ht": 179825.83000689148,
    "main_bottom_ht": 179825.83000689148,
    "noise_lag": 59.8796173178521,
    "noise_lum": 8.56587158726024
}