{
    "dt": 0.005,
    "total_time": 2.494999999999969,
    "n_active": 0,
    "m_kill": 1e-14,
    "v_kill": 60267.264220098565,
    "h_kill": 94267.10730590133,
    "len_kill": -1000,
    "h_init": 180000,
    "P_0m": 840,
    "dens_co": [
        -277.0329904987022,
        11966.056187769465,
        -211845.83491991207,
        1941204.4839591298,
        -9795835.410978291,
        25921980.10132555,
        -28174197.456865687
    ],
    "r_earth": 6371008.7714,
    "total_fragments": 816,
    "wake_psf_weights": [
        0.9,
        0.1
    ],
    "wake_psf": [
        3.0,
        20
    ],
    "wake_extension": 200,
    "rho": 1354.2155343387312,
    "m_init": 1.7833551947785752e-05,
    "v_init": 69526.68661616054,
    "shape_factor": 1.21,
    "sigma": 2.8119163159004655e-08,
    "zenith_angle": 1.0412959082119353,
    "gamma": 1.0,
    "rho_grain": 3000,
    "lum_eff_type": 5,
    "lum_eff": 0.7,
    "mu": 3.8180000000000003e-26,
    "erosion_on": true,
    "erosion_bins_per_10mass": 10,
    "erosion_height_start": 122256.82197611996,
    "erosion_coeff": 5.774985364734424e-08,
    "erosion_height_change": 1,
    "erosion_coeff_change": 3.3e-07,
    "erosion_rho_change": 3700,
    "erosion_sigma_change": 2.3e-08,
    "erosion_grain_distribution": "powerlaw",
    "erosion_mass_index": 2.955331694327879,
    "erosion_mass_min": 2.7083530787078495e-10,
    "erosion_mass_max": 8.411537480611486e-10,
    "disruption_on": true,
    "compressive_strength": 23479.29179149498,
    "disruption_height": null,
    "disruption_erosion_coeff": 3.3e-07,
    "disruption_mass_index": 1.0232230047560822,
    "disruption_mass_min_ratio": 0.0021498168376753455,
    "disruption_mass_max_ratio": 0.06044271911778105,
    "disruption_mass_grain_ratio": 0.5034733645527742,
    "fragmentation_on": false,
    "fragmentation_show_individual_lcs": false,
    "fragmentation_entries": [],
    "fragmentation_file_name": "metsim_fragmentation.txt",
    "electron_density_meas_ht": -1000,
    "electron_density_meas_q": -1,
    "erosion_beg_vel": 69516.04760986497,
    "erosion_beg_mass": 1.7454396777295653e-05,
    "erosion_beg_dyn_press": 81.93996468661057,
    "mass_at_erosion_change": null,
    "energy_per_cs_before_erosion": null,
    "energy_per_mass_before_erosion": null,
    "main_mass_exhaustion_ht": 94188.28822948839,
    "main_bottom_ht": 94188.28822948839,
    "noise_lag": 7.835479062581658,
    "noise_lum": 9.704473901086327
}