{
    "dt": 0.005,
    "total_time": 2.494999999999969,
    "n_active": 0,
    "m_kill": 1e-14,
    "v_kill": 60267.264220098565,
    "h_kill": 94267.10730590133,
    "len_kill": -1000,
    "h_init": 180000,
    "P_0m": 840,
    "dens_co": [
        -277.0329904987022,
        11966.056187769465,
        -211845.83491991207,
        1941204.4839591298,
        -9795835.410978291,
        25921980.10132555,
        -28174197.456865687
    ],
    "r_earth": 6371008.7714,
    "total_fragments": 63,
    "wake_psf_weights": [
        0.9,
        0.1
    ],
    "wake_psf": [
        3.0,
        20
    ],
    "wake_extension": 200,
    "rho": 1567.8817599847832,
    "m_init": 0.00015244665094207472,
    "v_init": 69570.57476633352,
    "shape_factor": 1.21,
    "sigma": 2.151905182060773e-08,
    "zenith_angle": 1.0412959082119353,
    "gamma": 1.0,
    "rho_grain": 3000,
    "lum_eff_type": 5,
    "lum_eff": 0.7,
    "mu": 3.8180000000000003e-26,
    "erosion_on": true,
    "erosion_bins_per_10mass": 10,
    "erosion_height_start": 123970.29407488322,
    "erosion_coeff": 4.320486721405837e-12,
    "erosion_height_change": 1,
    "erosion_coeff_change": 3.3e-07,
    "erosion_rho_change": 3700,
    "erosion_sigma_change": 2.3e-08,
    "erosion_grain_distribution": "powerlaw",
    "erosion_mass_index": 2.4461435319593026,
    "erosion_mass_min": 5.316628524741925e-11,
    "erosion_mass_max": 5.247434374065309e-10,
    "disruption_on": true,
    "compressive_strength": 45995.44922865379,
    "disruption_height": null,
    "disruption_erosion_coeff": 3.3e-07,
    "disruption_mass_index": 2.712159625387461,
    "disruption_mass_min_ratio": 0.00047947403881962,
    "disruption_mass_max_ratio": 0.03757038168301152,
    "disruption_mass_grain_ratio": 0.9829339116394347,
    "fragmentation_on": false,
    "fragmentation_show_individual_lcs": false,
    "fragmentation_entries": [],
    "fragmentation_file_name": "metsim_fragmentation.txt",
    "electron_density_meas_ht": -1000,
    "electron_density_meas_q": -1,
    "erosion_beg_vel": 69566.49944183177,
    "erosion_beg_mass": 0.0001515121096995802,
    "erosion_beg_dyn_press": 67.47059313792121,
    "mass_at_erosion_change": null,
    "energy_per_cs_before_erosion": null,
    "energy_per_mass_before_erosion": null,
    "main_mass_exhaustion_ht": 94250.52023391314,
    "main_bottom_ht": 94250.52023391314,
    "noise_lag": 8.777182915164714,
    "noise_lum": 2.6087892965987285
}