{
    "dt": 0.005,
    "total_time": 2.5099999999999687,
    "n_active": 0,
    "m_kill": 1e-14,
    "v_kill": 60717.04888874259,
    "h_kill": 94689.91948644235,
    "len_kill": -1000,
    "h_init": 180000,
    "P_0m": 840,
    "dens_co": [
        -291.38874731224575,
        12616.765540518005,
        -224015.03572290676,
        2061418.3741878255,
        -10457596.07922114,
        27847304.73653484,
        -30487811.645384707
    ],
    "r_earth": 6371008.7714,
    "total_fragments": 2350,
    "wake_psf_weights": [
        0.9,
        0.1
    ],
    "wake_psf": [
        3.0,
        20
    ],
    "wake_extension": 200,
    "rho": 2750.6038559870335,
    "m_init": 9.520912150917897e-05,
    "v_init": 68874.77252226188,
    "shape_factor": 1.21,
    "sigma": 4.714114378687551e-08,
    "zenith_angle": 1.0422335653956494,
    "gamma": 1.0,
    "rho_grain": 3000,
    "lum_eff_type": 5,
    "lum_eff": 0.7,
    "mu": 3.8180000000000003e-26,
    "erosion_on": true,
    "erosion_bins_per_10mass": 10,
    "erosion_height_start": 122855.39148449,
    "erosion_coeff": 6.164775952530467e-07,
    "erosion_height_change": 112533.74856137196,
    "erosion_coeff_change": 3.1589163869874574e-10,
    "erosion_rho_change": 3546.926778177424,
    "erosion_sigma_change": 3.330839893974414e-08,
    "erosion_grain_distribution": "powerlaw",
    "erosion_mass_index": 1.8724702106292077,
    "erosion_mass_min": 4.5351294964672055e-11,
    "erosion_mass_max": 4.639616649901017e-08,
    "disruption_on": false,
    "compressive_strength": 2000,
    "disruption_height": null,
    "disruption_erosion_coeff": 3.3e-07,
    "disruption_mass_index": 2.0,
    "disruption_mass_min_ratio": 0.01,
    "disruption_mass_max_ratio": 0.1,
    "disruption_mass_grain_ratio": 0.25,
    "fragmentation_on": false,
    "fragmentation_show_individual_lcs": false,
    "fragmentation_entries": [],
    "fragmentation_file_name": "metsim_fragmentation.txt",
    "electron_density_meas_ht": -1000,
    "electron_density_meas_q": -1,
    "erosion_beg_vel": 68871.22947198171,
    "erosion_beg_mass": 9.390856550995212e-05,
    "erosion_beg_dyn_press": 74.57319094218983,
    "mass_at_erosion_change": 6.864365382092612e-05,
    "energy_per_cs_before_erosion": null,
    "energy_per_mass_before_erosion": null,
    "main_mass_exhaustion_ht": 94559.00789618058,
    "main_bottom_ht": 94559.00789618058,
    "noise_lag": 25.20489782629349,
    "noise_lum": 91.22371146187699
}