{
    "dt": 0.005,
    "total_time": 1.4299999999999915,
    "n_active": 0,
    "m_kill": 1e-14,
    "v_kill": 60316.69603517995,
    "h_kill": 94265.19699473889,
    "len_kill": -1000,
    "h_init": 180000,
    "P_0m": 840,
    "dens_co": [
        -276.9519122623045,
        11962.355592097394,
        -211776.21409649303,
        1940513.235327049,
        -9792013.920497172,
        25910822.194568872,
        -28160749.50320772
    ],
    "r_earth": 6371008.7714,
    "total_fragments": 9,
    "wake_psf_weights": [
        0.9,
        0.1
    ],
    "wake_psf": [
        3.0,
        20
    ],
    "wake_extension": 200,
    "rho": 1111.836123486691,
    "m_init": 3.644975268693233e-05,
    "v_init": 69068.58346153465,
    "shape_factor": 1.21,
    "sigma": 2.4013939601138644e-08,
    "zenith_angle": 1.0420019029585341,
    "gamma": 1.0,
    "rho_grain": 3000,
    "lum_eff_type": 5,
    "lum_eff": 0.7,
    "mu": 3.8180000000000003e-26,
    "erosion_on": true,
    "erosion_bins_per_10mass": 10,
    "erosion_height_start": 119439.79372093042,
    "erosion_coeff": 1.5521038420573342e-09,
    "erosion_height_change": 1,
    "erosion_coeff_change": 3.3e-07,
    "erosion_rho_change": 3700,
    "erosion_sigma_change": 2.3e-08,
    "erosion_grain_distribution": "powerlaw",
    "erosion_mass_index": 2.208717384408287,
    "erosion_mass_min": 2.9266703850975237e-10,
    "erosion_mass_max": 3.2318735823328885e-10,
    "disruption_on": true,
    "compressive_strength": 1.2981366646624743,
    "disruption_height": 179825.78366784062,
    "disruption_erosion_coeff": 3.3e-07,
    "disruption_mass_index": 2.122997982742909,
    "disruption_mass_min_ratio": 2.9856052233034274e-05,
    "disruption_mass_max_ratio": 0.00013189466119054602,
    "disruption_mass_grain_ratio": 0.5041671723181222,
    "fragmentation_on": false,
    "fragmentation_show_individual_lcs": false,
    "fragmentation_entries": [],
    "fragmentation_file_name": "metsim_fragmentation.txt",
    "electron_density_meas_ht": -1000,
    "electron_density_meas_q": -1,
    "erosion_beg_vel": null,
    "erosion_beg_mass": null,
    "erosion_beg_dyn_press": null,
    "mass_at_erosion_change": null,
    "energy_per_cs_before_erosion": null,
    "energy_per_mass_before_erosion": null,
    "main_mass_exhaustion_ht": 179825.78366784062,
    "main_bottom_ht": 179825.78366784062,
    "noise_lag": 59.68412106837808,
    "noise_lum": 7.774397012437618
}