{
    "dt": 0.005,
    "total_time": 2.5299999999999683,
    "n_active": 0,
    "m_kill": 1e-14,
    "v_kill": 60283.10458445036,
    "h_kill": 94208.61951325888,
    "len_kill": -1000,
    "h_init": 180000,
    "P_0m": 840,
    "dens_co": [
        -275.6223344611487,
        11902.631108184787,
        -210667.1308756121,
        1929613.3393062644,
        -9732216.543638542,
        25737185.20425774,
        -27952242.74176717
    ],
    "r_earth": 6371008.7714,
    "total_fragments": 2638,
    "wake_psf_weights": [
        0.9,
        0.1
    ],
    "wake_psf": [
        3.0,
        20
    ],
    "wake_extension": 200,
    "wake_heights": null,
    "rho": 177.11717200194985,
    "m_init": 2.8289826376836013e-05,
    "v_init": 69235.6682633823,
    "shape_factor": 1.21,
    "sigma": 1.696094537635424e-08,
    "zenith_angle": 1.0421896818079337,
    "gamma": 1.0,
    "rho_grain": 3000,
    "lum_eff_type": 5,
    "lum_eff": 0.7,
    "mu": 3.8180000000000003e-26,
    "erosion_on": true,
    "erosion_bins_per_10mass": 10,
    "erosion_height_start": 125963.88677225602,
    "erosion_coeff": 2.0662360441877825e-07,
    "erosion_height_change": 111760.78690415889,
    "erosion_coeff_change": 9.292874345818903e-07,
    "erosion_rho_change": 204.50095187045653,
    "erosion_sigma_change": 2.5224874391170325e-09,
    "erosion_grain_distribution": "powerlaw",
    "erosion_mass_index": 2.4430930924259293,
    "erosion_mass_min": 8.301336367123465e-12,
    "erosion_mass_max": 8.010236694616932e-08,
    "disruption_on": false,
    "compressive_strength": 2000,
    "disruption_height": null,
    "disruption_erosion_coeff": 3.3e-07,
    "disruption_mass_index": 2.0,
    "disruption_mass_min_ratio": 0.01,
    "disruption_mass_max_ratio": 0.1,
    "disruption_mass_grain_ratio": 0.25,
    "fragmentation_on": false,
    "fragmentation_show_individual_lcs": false,
    "fragmentation_entries": [],
    "fragmentation_file_name": "metsim_fragmentation.txt",
    "electron_density_meas_ht": -1000,
    "electron_density_meas_q": -1,
    "erosion_beg_vel": 69209.48500561668,
    "erosion_beg_mass": 2.7299567196598365e-05,
    "erosion_beg_dyn_press": 53.29736304595042,
    "mass_at_erosion_change": 5.589358992521384e-06,
    "energy_per_cs_before_erosion": null,
    "energy_per_mass_before_erosion": null,
    "main_mass_exhaustion_ht": 108281.94238677174,
    "main_bottom_ht": 108281.94238677174,
    "noise_lag": 15.055035797677194,
    "noise_lum": 63.19547846974001
}