{
    "dt": 0.005,
    "total_time": 2.5249999999999684,
    "n_active": 0,
    "m_kill": 1e-14,
    "v_kill": 60283.10458445036,
    "h_kill": 94208.61951325888,
    "len_kill": -1000,
    "h_init": 180000,
    "P_0m": 840,
    "dens_co": [
        -275.6223344611487,
        11902.631108184787,
        -210667.1308756121,
        1929613.3393062644,
        -9732216.543638542,
        25737185.20425774,
        -27952242.74176717
    ],
    "r_earth": 6371008.7714,
    "total_fragments": 4285,
    "wake_psf_weights": [
        0.9,
        0.1
    ],
    "wake_psf": [
        3.0,
        20
    ],
    "wake_extension": 200,
    "wake_heights": null,
    "rho": 110.82806167923279,
    "m_init": 3.469402604201952e-05,
    "v_init": 69235.04480937967,
    "shape_factor": 1.21,
    "sigma": 3.346071947017786e-08,
    "zenith_angle": 1.0421896818079337,
    "gamma": 1.0,
    "rho_grain": 3000,
    "lum_eff_type": 5,
    "lum_eff": 0.7,
    "mu": 3.8180000000000003e-26,
    "erosion_on": true,
    "erosion_bins_per_10mass": 10,
    "erosion_height_start": 122963.22166255797,
    "erosion_coeff": 1.6110918130799781e-07,
    "erosion_height_change": 110096.5947328531,
    "erosion_coeff_change": 5.556868434327855e-08,
    "erosion_rho_change": 769.6279293004756,
    "erosion_sigma_change": 9.048468420372854e-09,
    "erosion_grain_distribution": "powerlaw",
    "erosion_mass_index": 2.042606426204676,
    "erosion_mass_min": 8.458160784694897e-12,
    "erosion_mass_max": 8.990827675662178e-08,
    "disruption_on": false,
    "compressive_strength": 2000,
    "disruption_height": null,
    "disruption_erosion_coeff": 3.3e-07,
    "disruption_mass_index": 2.0,
    "disruption_mass_min_ratio": 0.01,
    "disruption_mass_max_ratio": 0.1,
    "disruption_mass_grain_ratio": 0.25,
    "fragmentation_on": false,
    "fragmentation_show_individual_lcs": false,
    "fragmentation_entries": [],
    "fragmentation_file_name": "metsim_fragmentation.txt",
    "electron_density_meas_ht": -1000,
    "electron_density_meas_q": -1,
    "erosion_beg_vel": 69191.82444501884,
    "erosion_beg_mass": 3.116920608053331e-05,
    "erosion_beg_dyn_press": 74.89653547071426,
    "mass_at_erosion_change": 2.3257678738552386e-06,
    "energy_per_cs_before_erosion": null,
    "energy_per_mass_before_erosion": null,
    "main_mass_exhaustion_ht": 97160.65242963399,
    "main_bottom_ht": 97160.65242963399,
    "noise_lag": 13.01385256692831,
    "noise_lum": 62.888198861413784
}