{
    "dt": 0.005,
    "total_time": 2.5299999999999683,
    "n_active": 0,
    "m_kill": 1e-14,
    "v_kill": 60283.10458445036,
    "h_kill": 94208.61951325888,
    "len_kill": -1000,
    "h_init": 180000,
    "P_0m": 840,
    "dens_co": [
        -275.6223344611487,
        11902.631108184787,
        -210667.1308756121,
        1929613.3393062644,
        -9732216.543638542,
        25737185.20425774,
        -27952242.74176717
    ],
    "r_earth": 6371008.7714,
    "total_fragments": 2591,
    "wake_psf_weights": [
        0.9,
        0.1
    ],
    "wake_psf": [
        3.0,
        20
    ],
    "wake_extension": 200,
    "wake_heights": null,
    "rho": 181.5593988367408,
    "m_init": 2.8103266291612413e-05,
    "v_init": 69235.93607027964,
    "shape_factor": 1.21,
    "sigma": 1.5110017473520845e-08,
    "zenith_angle": 1.0421896818079337,
    "gamma": 1.0,
    "rho_grain": 3000,
    "lum_eff_type": 5,
    "lum_eff": 0.7,
    "mu": 3.8180000000000003e-26,
    "erosion_on": true,
    "erosion_bins_per_10mass": 10,
    "erosion_height_start": 125486.31798716927,
    "erosion_coeff": 2.2064016635213734e-07,
    "erosion_height_change": 112121.44182545473,
    "erosion_coeff_change": 9.725372888959575e-07,
    "erosion_rho_change": 199.26785995966776,
    "erosion_sigma_change": 1.8750702309937014e-09,
    "erosion_grain_distribution": "powerlaw",
    "erosion_mass_index": 2.46394883013702,
    "erosion_mass_min": 6.9552260771349546e-12,
    "erosion_mass_max": 9.36243335916435e-08,
    "disruption_on": false,
    "compressive_strength": 2000,
    "disruption_height": null,
    "disruption_erosion_coeff": 3.3e-07,
    "disruption_mass_index": 2.0,
    "disruption_mass_min_ratio": 0.01,
    "disruption_mass_max_ratio": 0.1,
    "disruption_mass_grain_ratio": 0.25,
    "fragmentation_on": false,
    "fragmentation_show_individual_lcs": false,
    "fragmentation_entries": [],
    "fragmentation_file_name": "metsim_fragmentation.txt",
    "electron_density_meas_ht": -1000,
    "electron_density_meas_q": -1,
    "erosion_beg_vel": 69209.10248655133,
    "erosion_beg_mass": 2.7177693255350333e-05,
    "erosion_beg_dyn_press": 56.27161558409191,
    "mass_at_erosion_change": 5.9563125793370455e-06,
    "energy_per_cs_before_erosion": null,
    "energy_per_mass_before_erosion": null,
    "main_mass_exhaustion_ht": 108459.61323420686,
    "main_bottom_ht": 108459.61323420686,
    "noise_lag": 14.091187633055155,
    "noise_lum": 60.92791508037862
}